InvoiceNo;StockCode;Description;Quantity;InvoiceDate;UnitPrice;CustomerID;Country
536365;85123A;WHITE HANGING HEART T-LIGHT HOLDER;6;01/12/2010 08:26;2,55;17850;United Kingdom
536365;71053;WHITE METAL LANTERN;6;01/12/2010 08:26;3,39;17850;United Kingdom
536365;84406B;CREAM CUPID HEARTS COAT HANGER;8;01/12/2010 08:26;2,75;17850;United Kingdom
536365;84029G;KNITTED UNION FLAG HOT WATER BOTTLE;6;01/12/2010 08:26;3,39;17850;United Kingdom
536365;84029E;RED WOOLLY HOTTIE WHITE HEART.;6;01/12/2010 08:26;3,39;17850;United Kingdom
536365;22752;SET 7 BABUSHKA NESTING BOXES;2;01/12/2010 08:26;7,65;17850;United Kingdom
536365;21730;GLASS STAR FROSTED T-LIGHT HOLDER;6;01/12/2010 08:26;4,25;17850;United Kingdom
536366;22633;HAND WARMER UNION JACK;6;01/12/2010 08:28;1,85;17850;United Kingdom
536366;22632;HAND WARMER RED POLKA DOT;6;01/12/2010 08:28;1,85;17850;United Kingdom
536367;84879;ASSORTED COLOUR BIRD ORNAMENT;32;01/12/2010 08:34;1,69;13047;United Kingdom
536367;22745;POPPY'S PLAYHOUSE BEDROOM ;6;01/12/2010 08:34;2,1;13047;United Kingdom
536367;22748;POPPY'S PLAYHOUSE KITCHEN;6;01/12/2010 08:34;2,1;13047;United Kingdom
536367;22749;FELTCRAFT PRINCESS CHARLOTTE DOLL;8;01/12/2010 08:34;3,75;13047;United Kingdom
536367;22310;IVORY KNITTED MUG COSY ;6;01/12/2010 08:34;1,65;13047;United Kingdom
536367;84969;BOX OF 6 ASSORTED COLOUR TEASPOONS;6;01/12/2010 08:34;4,25;13047;United Kingdom
536367;22623;BOX OF VINTAGE JIGSAW BLOCKS ;3;01/12/2010 08:34;4,95;13047;United Kingdom
536367;22622;BOX OF VINTAGE ALPHABET BLOCKS;2;01/12/2010 08:34;9,95;13047;United Kingdom
536367;21754;HOME BUILDING BLOCK WORD;3;01/12/2010 08:34;5,95;13047;United Kingdom
536367;21755;LOVE BUILDING BLOCK WORD;3;01/12/2010 08:34;5,95;13047;United Kingdom
536367;21777;RECIPE BOX WITH METAL HEART;4;01/12/2010 08:34;7,95;13047;United Kingdom
536367;48187;DOORMAT NEW ENGLAND;4;01/12/2010 08:34;7,95;13047;United Kingdom
536368;22960;JAM MAKING SET WITH JARS;6;01/12/2010 08:34;4,25;13047;United Kingdom
536368;22913;RED COAT RACK PARIS FASHION;3;01/12/2010 08:34;4,95;13047;United Kingdom
536368;22912;YELLOW COAT RACK PARIS FASHION;3;01/12/2010 08:34;4,95;13047;United Kingdom
536368;22914;BLUE COAT RACK PARIS FASHION;3;01/12/2010 08:34;4,95;13047;United Kingdom
536369;21756;BATH BUILDING BLOCK WORD;3;01/12/2010 08:35;5,95;13047;United Kingdom
536370;22728;ALARM CLOCK BAKELIKE PINK;24;01/12/2010 08:45;3,75;12583;France
536370;22727;ALARM CLOCK BAKELIKE RED ;24;01/12/2010 08:45;3,75;12583;France
536370;22726;ALARM CLOCK BAKELIKE GREEN;12;01/12/2010 08:45;3,75;12583;France
536370;21724;PANDA AND BUNNIES STICKER SHEET;12;01/12/2010 08:45;0,85;12583;France
536370;21883;STARS GIFT TAPE ;24;01/12/2010 08:45;0,65;12583;France
536370;10002;INFLATABLE POLITICAL GLOBE ;48;01/12/2010 08:45;0,85;12583;France
536370;21791;VINTAGE HEADS AND TAILS CARD GAME ;24;01/12/2010 08:45;1,25;12583;France
536370;21035;SET/2 RED RETROSPOT TEA TOWELS ;18;01/12/2010 08:45;2,95;12583;France
536370;22326;ROUND SNACK BOXES SET OF4 WOODLAND ;24;01/12/2010 08:45;2,95;12583;France
536370;22629;SPACEBOY LUNCH BOX ;24;01/12/2010 08:45;1,95;12583;France
536370;22659;LUNCH BOX I LOVE LONDON;24;01/12/2010 08:45;1,95;12583;France
536370;22631;CIRCUS PARADE LUNCH BOX ;24;01/12/2010 08:45;1,95;12583;France
536370;22661;CHARLOTTE BAG DOLLY GIRL DESIGN;20;01/12/2010 08:45;0,85;12583;France
536370;21731;RED TOADSTOOL LED NIGHT LIGHT;24;01/12/2010 08:45;1,65;12583;France
536370;22900; SET 2 TEA TOWELS I LOVE LONDON ;24;01/12/2010 08:45;2,95;12583;France
536370;21913;VINTAGE SEASIDE JIGSAW PUZZLES;12;01/12/2010 08:45;3,75;12583;France
536370;22540;MINI JIGSAW CIRCUS PARADE ;24;01/12/2010 08:45;0,42;12583;France
536370;22544;MINI JIGSAW SPACEBOY;24;01/12/2010 08:45;0,42;12583;France
536370;22492;MINI PAINT SET VINTAGE ;36;01/12/2010 08:45;0,65;12583;France
536370;POST;POSTAGE;3;01/12/2010 08:45;18;12583;France
536371;22086;PAPER CHAIN KIT 50'S CHRISTMAS ;80;01/12/2010 09:00;2,55;13748;United Kingdom
536372;22632;HAND WARMER RED POLKA DOT;6;01/12/2010 09:01;1,85;17850;United Kingdom
536372;22633;HAND WARMER UNION JACK;6;01/12/2010 09:01;1,85;17850;United Kingdom
536373;85123A;WHITE HANGING HEART T-LIGHT HOLDER;6;01/12/2010 09:02;2,55;17850;United Kingdom
536373;71053;WHITE METAL LANTERN;6;01/12/2010 09:02;3,39;17850;United Kingdom
536373;84406B;CREAM CUPID HEARTS COAT HANGER;8;01/12/2010 09:02;2,75;17850;United Kingdom
536373;20679;EDWARDIAN PARASOL RED;6;01/12/2010 09:02;4,95;17850;United Kingdom
536373;37370;RETRO COFFEE MUGS ASSORTED;6;01/12/2010 09:02;1,06;17850;United Kingdom
536373;21871;SAVE THE PLANET MUG;6;01/12/2010 09:02;1,06;17850;United Kingdom
536373;21071;VINTAGE BILLBOARD DRINK ME MUG;6;01/12/2010 09:02;1,06;17850;United Kingdom
536373;21068;VINTAGE BILLBOARD LOVE/HATE MUG;6;01/12/2010 09:02;1,06;17850;United Kingdom
536373;82483;WOOD 2 DRAWER CABINET WHITE FINISH;2;01/12/2010 09:02;4,95;17850;United Kingdom
536373;82486;WOOD S/3 CABINET ANT WHITE FINISH;4;01/12/2010 09:02;6,95;17850;United Kingdom
536373;82482;WOODEN PICTURE FRAME WHITE FINISH;6;01/12/2010 09:02;2,1;17850;United Kingdom
536373;82494L;WOODEN FRAME ANTIQUE WHITE ;6;01/12/2010 09:02;2,55;17850;United Kingdom
536373;84029G;KNITTED UNION FLAG HOT WATER BOTTLE;6;01/12/2010 09:02;3,39;17850;United Kingdom
536373;84029E;RED WOOLLY HOTTIE WHITE HEART.;6;01/12/2010 09:02;3,39;17850;United Kingdom
536373;22752;SET 7 BABUSHKA NESTING BOXES;2;01/12/2010 09:02;7,65;17850;United Kingdom
536373;21730;GLASS STAR FROSTED T-LIGHT HOLDER;6;01/12/2010 09:02;4,25;17850;United Kingdom
536374;21258;VICTORIAN SEWING BOX LARGE;32;01/12/2010 09:09;10,95;15100;United Kingdom
536375;85123A;WHITE HANGING HEART T-LIGHT HOLDER;6;01/12/2010 09:32;2,55;17850;United Kingdom
536375;71053;WHITE METAL LANTERN;6;01/12/2010 09:32;3,39;17850;United Kingdom
536375;84406B;CREAM CUPID HEARTS COAT HANGER;8;01/12/2010 09:32;2,75;17850;United Kingdom
536375;20679;EDWARDIAN PARASOL RED;6;01/12/2010 09:32;4,95;17850;United Kingdom
536375;37370;RETRO COFFEE MUGS ASSORTED;6;01/12/2010 09:32;1,06;17850;United Kingdom
536375;21871;SAVE THE PLANET MUG;6;01/12/2010 09:32;1,06;17850;United Kingdom
536375;21071;VINTAGE BILLBOARD DRINK ME MUG;6;01/12/2010 09:32;1,06;17850;United Kingdom
536375;21068;VINTAGE BILLBOARD LOVE/HATE MUG;6;01/12/2010 09:32;1,06;17850;United Kingdom
536375;82483;WOOD 2 DRAWER CABINET WHITE FINISH;2;01/12/2010 09:32;4,95;17850;United Kingdom
536375;82486;WOOD S/3 CABINET ANT WHITE FINISH;4;01/12/2010 09:32;6,95;17850;United Kingdom
536375;82482;WOODEN PICTURE FRAME WHITE FINISH;6;01/12/2010 09:32;2,1;17850;United Kingdom
536375;82494L;WOODEN FRAME ANTIQUE WHITE ;6;01/12/2010 09:32;2,55;17850;United Kingdom
536375;84029G;KNITTED UNION FLAG HOT WATER BOTTLE;6;01/12/2010 09:32;3,39;17850;United Kingdom
536375;84029E;RED WOOLLY HOTTIE WHITE HEART.;6;01/12/2010 09:32;3,39;17850;United Kingdom
536375;22752;SET 7 BABUSHKA NESTING BOXES;2;01/12/2010 09:32;7,65;17850;United Kingdom
536375;21730;GLASS STAR FROSTED T-LIGHT HOLDER;6;01/12/2010 09:32;4,25;17850;United Kingdom
536376;22114;HOT WATER BOTTLE TEA AND SYMPATHY;48;01/12/2010 09:32;3,45;15291;United Kingdom
536376;21733;RED HANGING HEART T-LIGHT HOLDER;64;01/12/2010 09:32;2,55;15291;United Kingdom
536377;22632;HAND WARMER RED POLKA DOT;6;01/12/2010 09:34;1,85;17850;United Kingdom
536377;22633;HAND WARMER UNION JACK;6;01/12/2010 09:34;1,85;17850;United Kingdom
536378;22386;JUMBO BAG PINK POLKADOT;10;01/12/2010 09:37;1,95;14688;United Kingdom
536378;85099C;JUMBO  BAG BAROQUE BLACK WHITE;10;01/12/2010 09:37;1,95;14688;United Kingdom
536378;21033;JUMBO BAG CHARLIE AND LOLA TOYS;10;01/12/2010 09:37;2,95;14688;United Kingdom
536378;20723;STRAWBERRY CHARLOTTE BAG;10;01/12/2010 09:37;0,85;14688;United Kingdom
536378;84997B;RED 3 PIECE RETROSPOT CUTLERY SET;12;01/12/2010 09:37;3,75;14688;United Kingdom
536378;84997C;BLUE 3 PIECE POLKADOT CUTLERY SET;6;01/12/2010 09:37;3,75;14688;United Kingdom
536378;21094;SET/6 RED SPOTTY PAPER PLATES;12;01/12/2010 09:37;0,85;14688;United Kingdom
536378;20725;LUNCH BAG RED RETROSPOT;10;01/12/2010 09:37;1,65;14688;United Kingdom
536378;21559;STRAWBERRY LUNCH BOX WITH CUTLERY;6;01/12/2010 09:37;2,55;14688;United Kingdom
536378;22352;LUNCH BOX WITH CUTLERY RETROSPOT ;6;01/12/2010 09:37;2,55;14688;United Kingdom
536378;21212;PACK OF 72 RETROSPOT CAKE CASES;120;01/12/2010 09:37;0,42;14688;United Kingdom
536378;21975;PACK OF 60 DINOSAUR CAKE CASES;24;01/12/2010 09:37;0,55;14688;United Kingdom
536378;21977;PACK OF 60 PINK PAISLEY CAKE CASES;24;01/12/2010 09:37;0,55;14688;United Kingdom
536378;84991;60 TEATIME FAIRY CAKE CASES;24;01/12/2010 09:37;0,55;14688;United Kingdom
536378;84519A;TOMATO CHARLIE+LOLA COASTER SET;6;01/12/2010 09:37;2,95;14688;United Kingdom
536378;85183B;CHARLIE & LOLA WASTEPAPER BIN FLORA;48;01/12/2010 09:37;1,25;14688;United Kingdom
536378;85071B;RED CHARLIE+LOLA PERSONAL DOORSIGN;96;01/12/2010 09:37;0,38;14688;United Kingdom
536378;21931;JUMBO STORAGE BAG SUKI;10;01/12/2010 09:37;1,95;14688;United Kingdom
536378;21929;JUMBO BAG PINK VINTAGE PAISLEY;10;01/12/2010 09:37;1,95;14688;United Kingdom
536380;22961;JAM MAKING SET PRINTED;24;01/12/2010 09:41;1,45;17809;United Kingdom
536381;22139;RETROSPOT TEA SET CERAMIC 11 PC ;23;01/12/2010 09:41;4,25;15311;United Kingdom
536381;84854;GIRLY PINK TOOL SET;5;01/12/2010 09:41;4,95;15311;United Kingdom
536381;22411;JUMBO SHOPPER VINTAGE RED PAISLEY;10;01/12/2010 09:41;1,95;15311;United Kingdom
536381;82567;AIRLINE LOUNGE,METAL SIGN;2;01/12/2010 09:41;2,1;15311;United Kingdom
536381;21672;WHITE SPOT RED CERAMIC DRAWER KNOB;6;01/12/2010 09:41;1,25;15311;United Kingdom
536381;22774;RED DRAWER KNOB ACRYLIC EDWARDIAN;24;01/12/2010 09:41;1,25;15311;United Kingdom
536381;22771;CLEAR DRAWER KNOB ACRYLIC EDWARDIAN;24;01/12/2010 09:41;1,25;15311;United Kingdom
536381;71270;PHOTO CLIP LINE;1;01/12/2010 09:41;1,25;15311;United Kingdom
536381;22262;FELT EGG COSY CHICKEN;1;01/12/2010 09:41;0,85;15311;United Kingdom
536381;22637;PIGGY BANK RETROSPOT ;1;01/12/2010 09:41;2,55;15311;United Kingdom
536381;21934;SKULL SHOULDER BAG;10;01/12/2010 09:41;1,65;15311;United Kingdom
536381;21169;YOU'RE CONFUSING ME METAL SIGN ;3;01/12/2010 09:41;1,69;15311;United Kingdom
536381;21166;COOK WITH WINE METAL SIGN ;1;01/12/2010 09:41;1,95;15311;United Kingdom
536381;21175;GIN + TONIC DIET METAL SIGN;2;01/12/2010 09:41;2,1;15311;United Kingdom
536381;37444A;YELLOW BREAKFAST CUP AND SAUCER;1;01/12/2010 09:41;2,95;15311;United Kingdom
536381;37444C;PINK BREAKFAST CUP AND SAUCER ;1;01/12/2010 09:41;2,95;15311;United Kingdom
536381;22086;PAPER CHAIN KIT 50'S CHRISTMAS ;4;01/12/2010 09:41;2,95;15311;United Kingdom
536381;22083;PAPER CHAIN KIT RETROSPOT;1;01/12/2010 09:41;2,95;15311;United Kingdom
536381;84971S;SMALL HEART FLOWERS HOOK ;6;01/12/2010 09:41;0,85;15311;United Kingdom
536381;71270;PHOTO CLIP LINE;3;01/12/2010 09:41;1,25;15311;United Kingdom
536381;47580;TEA TIME DES TEA COSY;2;01/12/2010 09:41;2,55;15311;United Kingdom
536381;22261;FELT EGG COSY WHITE RABBIT ;1;01/12/2010 09:41;0,85;15311;United Kingdom
536381;84832;ZINC WILLIE WINKIE  CANDLE STICK;1;01/12/2010 09:41;0,85;15311;United Kingdom
536381;22644;CERAMIC CHERRY CAKE MONEY BANK;1;01/12/2010 09:41;1,45;15311;United Kingdom
536381;21533;RETROSPOT LARGE MILK JUG;1;01/12/2010 09:41;4,95;15311;United Kingdom
536381;21557;SET OF 6 FUNKY BEAKERS;2;01/12/2010 09:41;2,95;15311;United Kingdom
536381;15056BL;EDWARDIAN PARASOL BLACK;2;01/12/2010 09:41;5,95;15311;United Kingdom
536381;15056N;EDWARDIAN PARASOL NATURAL;2;01/12/2010 09:41;5,95;15311;United Kingdom
536381;22646;CERAMIC STRAWBERRY CAKE MONEY BANK;4;01/12/2010 09:41;1,45;15311;United Kingdom
536381;22176;BLUE OWL SOFT TOY;1;01/12/2010 09:41;2,95;15311;United Kingdom
536381;22438;BALLOON ART MAKE YOUR OWN FLOWERS;1;01/12/2010 09:41;1,95;15311;United Kingdom
536381;21731;RED TOADSTOOL LED NIGHT LIGHT;2;01/12/2010 09:41;1,65;15311;United Kingdom
536381;22778;GLASS CLOCHE SMALL;3;01/12/2010 09:41;3,95;15311;United Kingdom
536381;22719;GUMBALL MONOCHROME COAT RACK;36;01/12/2010 09:41;1,06;15311;United Kingdom

536381;21523;DOORMAT FANCY FONT HOME SWEET HOME;10;01/12/2010 09:41;6,75;15311;United Kingdom
C536379;D;Discount;-1;01/12/2010 09:41;27,5;14527;United Kingdom
536382;10002;INFLATABLE POLITICAL GLOBE ;12;01/12/2010 09:45;0,85;16098;United Kingdom
536382;21912;VINTAGE SNAKES & LADDERS;8;01/12/2010 09:45;3,75;16098;United Kingdom
536382;21832;CHOCOLATE CALCULATOR;12;01/12/2010 09:45;1,65;16098;United Kingdom
536382;22411;JUMBO SHOPPER VINTAGE RED PAISLEY;10;01/12/2010 09:45;1,95;16098;United Kingdom
536382;22379;RECYCLING BAG RETROSPOT ;10;01/12/2010 09:45;2,1;16098;United Kingdom
536382;22381;TOY TIDY PINK POLKADOT;50;01/12/2010 09:45;1,85;16098;United Kingdom
536382;22798;ANTIQUE GLASS DRESSING TABLE POT;8;01/12/2010 09:45;2,95;16098;United Kingdom
536382;22726;ALARM CLOCK BAKELIKE GREEN;4;01/12/2010 09:45;3,75;16098;United Kingdom
536382;22926;IVORY GIANT GARDEN THERMOMETER;12;01/12/2010 09:45;5,95;16098;United Kingdom
536382;22839;3 TIER CAKE TIN GREEN AND CREAM;2;01/12/2010 09:45;14,95;16098;United Kingdom
536382;22838;3 TIER CAKE TIN RED AND CREAM;2;01/12/2010 09:45;14,95;16098;United Kingdom
536382;22783;SET 3 WICKER OVAL BASKETS W LIDS;4;01/12/2010 09:45;16,95;16098;United Kingdom
C536383;35004C;SET OF 3 COLOURED  FLYING DUCKS;-1;01/12/2010 09:49;4,65;15311;United Kingdom
536384;82484;WOOD BLACK BOARD ANT WHITE FINISH;3;01/12/2010 09:53;6,45;18074;United Kingdom
536384;84755;COLOUR GLASS T-LIGHT HOLDER HANGING;48;01/12/2010 09:53;0,65;18074;United Kingdom
536384;22464;HANGING METAL HEART LANTERN;12;01/12/2010 09:53;1,65;18074;United Kingdom
536384;21324;HANGING MEDINA LANTERN SMALL;6;01/12/2010 09:53;2,95;18074;United Kingdom
536384;22457;NATURAL SLATE HEART CHALKBOARD ;12;01/12/2010 09:53;2,95;18074;United Kingdom
536384;22469;HEART OF WICKER SMALL;40;01/12/2010 09:53;1,45;18074;United Kingdom
536384;22470;HEART OF WICKER LARGE;40;01/12/2010 09:53;2,55;18074;United Kingdom
536384;22224;WHITE LOVEBIRD LANTERN;6;01/12/2010 09:53;2,95;18074;United Kingdom
536384;21340;CLASSIC METAL BIRDCAGE PLANT HOLDER;2;01/12/2010 09:53;12,75;18074;United Kingdom
536384;22189;CREAM HEART CARD HOLDER;4;01/12/2010 09:53;3,95;18074;United Kingdom
536384;22427;ENAMEL FLOWER JUG CREAM;3;01/12/2010 09:53;5,95;18074;United Kingdom
536384;22428;ENAMEL FIRE BUCKET CREAM;6;01/12/2010 09:53;6,95;18074;United Kingdom
536384;22424;ENAMEL BREAD BIN CREAM;8;01/12/2010 09:53;10,95;18074;United Kingdom
536385;22783;SET 3 WICKER OVAL BASKETS W LIDS;1;01/12/2010 09:56;19,95;17420;United Kingdom
536385;22961;JAM MAKING SET PRINTED;12;01/12/2010 09:56;1,45;17420;United Kingdom
536385;22960;JAM MAKING SET WITH JARS;6;01/12/2010 09:56;4,25;17420;United Kingdom
536385;22663;JUMBO BAG DOLLY GIRL DESIGN;10;01/12/2010 09:56;1,95;17420;United Kingdom
536385;85049A;TRADITIONAL CHRISTMAS RIBBONS;12;01/12/2010 09:56;1,25;17420;United Kingdom
536385;22168;ORGANISER WOOD ANTIQUE WHITE ;2;01/12/2010 09:56;8,5;17420;United Kingdom
536385;22662;LUNCH BAG DOLLY GIRL DESIGN;10;01/12/2010 09:56;1,65;17420;United Kingdom
536386;84880;WHITE WIRE EGG HOLDER;36;01/12/2010 09:57;4,95;16029;United Kingdom
536386;85099C;JUMBO  BAG BAROQUE BLACK WHITE;100;01/12/2010 09:57;1,65;16029;United Kingdom
536386;85099B;JUMBO BAG RED RETROSPOT;100;01/12/2010 09:57;1,65;16029;United Kingdom
536387;79321;CHILLI LIGHTS;192;01/12/2010 09:58;3,82;16029;United Kingdom
536387;22780;LIGHT GARLAND BUTTERFILES PINK;192;01/12/2010 09:58;3,37;16029;United Kingdom
536387;22779;WOODEN OWLS LIGHT GARLAND ;192;01/12/2010 09:58;3,37;16029;United Kingdom
536387;22466;FAIRY TALE COTTAGE NIGHTLIGHT;432;01/12/2010 09:58;1,45;16029;United Kingdom
536387;21731;RED TOADSTOOL LED NIGHT LIGHT;432;01/12/2010 09:58;1,25;16029;United Kingdom
536388;21754;HOME BUILDING BLOCK WORD;3;01/12/2010 09:59;5,95;16250;United Kingdom
536388;21755;LOVE BUILDING BLOCK WORD;3;01/12/2010 09:59;5,95;16250;United Kingdom
536388;21523;DOORMAT FANCY FONT HOME SWEET HOME;2;01/12/2010 09:59;7,95;16250;United Kingdom
536388;21363;HOME SMALL WOOD LETTERS;3;01/12/2010 09:59;4,95;16250;United Kingdom
536388;21411;GINGHAM HEART  DOORSTOP RED;3;01/12/2010 09:59;4,25;16250;United Kingdom
536388;22318;FIVE HEART HANGING DECORATION;6;01/12/2010 09:59;2,95;16250;United Kingdom
536388;22464;HANGING METAL HEART LANTERN;12;01/12/2010 09:59;1,65;16250;United Kingdom
536388;22915;ASSORTED BOTTLE TOP  MAGNETS ;12;01/12/2010 09:59;0,42;16250;United Kingdom
536388;22922;FRIDGE MAGNETS US DINER ASSORTED;12;01/12/2010 09:59;0,85;16250;United Kingdom
536388;22969;HOMEMADE JAM SCENTED CANDLES;12;01/12/2010 09:59;1,45;16250;United Kingdom
536388;22923;FRIDGE MAGNETS LES ENFANTS ASSORTED;12;01/12/2010 09:59;0,85;16250;United Kingdom
536388;21115;ROSE CARAVAN DOORSTOP;4;01/12/2010 09:59;6,75;16250;United Kingdom
536388;22469;HEART OF WICKER SMALL;12;01/12/2010 09:59;1,65;16250;United Kingdom
536388;22242;5 HOOK HANGER MAGIC TOADSTOOL;12;01/12/2010 09:59;1,65;16250;United Kingdom
536389;22941;CHRISTMAS LIGHTS 10 REINDEER;6;01/12/2010 10:03;8,5;12431;Australia
536389;21622;VINTAGE UNION JACK CUSHION COVER;8;01/12/2010 10:03;4,95;12431;Australia
536389;21791;VINTAGE HEADS AND TAILS CARD GAME ;12;01/12/2010 10:03;1,25;12431;Australia
536389;35004C;SET OF 3 COLOURED  FLYING DUCKS;6;01/12/2010 10:03;5,45;12431;Australia
536389;35004G;SET OF 3 GOLD FLYING DUCKS;4;01/12/2010 10:03;6,35;12431;Australia
536389;85014B;RED RETROSPOT UMBRELLA;6;01/12/2010 10:03;5,95;12431;Australia
536389;85014A;BLACK/BLUE POLKADOT UMBRELLA;3;01/12/2010 10:03;5,95;12431;Australia
536389;22193;RED DINER WALL CLOCK;2;01/12/2010 10:03;8,5;12431;Australia
536389;22726;ALARM CLOCK BAKELIKE GREEN;4;01/12/2010 10:03;3,75;12431;Australia
536389;22727;ALARM CLOCK BAKELIKE RED ;4;01/12/2010 10:03;3,75;12431;Australia
536389;22192;BLUE DINER WALL CLOCK;2;01/12/2010 10:03;8,5;12431;Australia
536389;22191;IVORY DINER WALL CLOCK;2;01/12/2010 10:03;8,5;12431;Australia
536389;22195;LARGE HEART MEASURING SPOONS;24;01/12/2010 10:03;1,65;12431;Australia
536389;22196;SMALL HEART MEASURING SPOONS;24;01/12/2010 10:03;0,85;12431;Australia
536390;22941;CHRISTMAS LIGHTS 10 REINDEER;2;01/12/2010 10:19;8,5;17511;United Kingdom
536390;22960;JAM MAKING SET WITH JARS;12;01/12/2010 10:19;3,75;17511;United Kingdom
536390;22961;JAM MAKING SET PRINTED;12;01/12/2010 10:19;1,45;17511;United Kingdom
536390;22962;JAM JAR WITH PINK LID;48;01/12/2010 10:19;0,72;17511;United Kingdom
536390;22963;JAM JAR WITH GREEN LID;48;01/12/2010 10:19;0,72;17511;United Kingdom
536390;22968;ROSE COTTAGE KEEPSAKE BOX ;8;01/12/2010 10:19;8,5;17511;United Kingdom
536390;84970S;HANGING HEART ZINC T-LIGHT HOLDER;144;01/12/2010 10:19;0,64;17511;United Kingdom
536390;22910;PAPER CHAIN KIT VINTAGE CHRISTMAS;40;01/12/2010 10:19;2,55;17511;United Kingdom
536390;20668;DISCO BALL CHRISTMAS DECORATION;288;01/12/2010 10:19;0,1;17511;United Kingdom
536390;85123A;WHITE HANGING HEART T-LIGHT HOLDER;64;01/12/2010 10:19;2,55;17511;United Kingdom
536390;22197;SMALL POPCORN HOLDER;100;01/12/2010 10:19;0,72;17511;United Kingdom
536390;22198;LARGE POPCORN HOLDER ;50;01/12/2010 10:19;1,45;17511;United Kingdom
536390;21533;RETROSPOT LARGE MILK JUG;12;01/12/2010 10:19;4,25;17511;United Kingdom
536390;21080;SET/20 RED RETROSPOT PAPER NAPKINS ;96;01/12/2010 10:19;0,64;17511;United Kingdom
536390;21094;SET/6 RED SPOTTY PAPER PLATES;96;01/12/2010 10:19;0,64;17511;United Kingdom
536390;21086;SET/6 RED SPOTTY PAPER CUPS;48;01/12/2010 10:19;0,65;17511;United Kingdom
536390;21786;POLKADOT RAIN HAT ;144;01/12/2010 10:19;0,32;17511;United Kingdom
536390;22654;DELUXE SEWING KIT ;40;01/12/2010 10:19;4,95;17511;United Kingdom
536390;21485;RETROSPOT HEART HOT WATER BOTTLE;24;01/12/2010 10:19;4,25;17511;United Kingdom
536390;84029G;KNITTED UNION FLAG HOT WATER BOTTLE;24;01/12/2010 10:19;3,39;17511;United Kingdom
536390;84030E;ENGLISH ROSE HOT WATER BOTTLE;24;01/12/2010 10:19;3,75;17511;United Kingdom
536390;22174;PHOTO CUBE;48;01/12/2010 10:19;1,48;17511;United Kingdom
536390;22969;HOMEMADE JAM SCENTED CANDLES;96;01/12/2010 10:19;1,25;17511;United Kingdom
536390;85099B;JUMBO BAG RED RETROSPOT;100;01/12/2010 10:19;1,65;17511;United Kingdom
C536391;22556;PLASTERS IN TIN CIRCUS PARADE ;-12;01/12/2010 10:24;1,65;17548;United Kingdom
C536391;21984;PACK OF 12 PINK PAISLEY TISSUES ;-24;01/12/2010 10:24;0,29;17548;United Kingdom
C536391;21983;PACK OF 12 BLUE PAISLEY TISSUES ;-24;01/12/2010 10:24;0,29;17548;United Kingdom
C536391;21980;PACK OF 12 RED RETROSPOT TISSUES ;-24;01/12/2010 10:24;0,29;17548;United Kingdom
C536391;21484;CHICK GREY HOT WATER BOTTLE;-12;01/12/2010 10:24;3,45;17548;United Kingdom
C536391;22557;PLASTERS IN TIN VINTAGE PAISLEY ;-12;01/12/2010 10:24;1,65;17548;United Kingdom
C536391;22553;PLASTERS IN TIN SKULLS;-24;01/12/2010 10:24;1,65;17548;United Kingdom
536392;22150;3 STRIPEY MICE FELTCRAFT;6;01/12/2010 10:29;1,95;13705;United Kingdom
536392;22619;SET OF 6 SOLDIER SKITTLES;4;01/12/2010 10:29;3,75;13705;United Kingdom
536392;21891;TRADITIONAL WOODEN SKIPPING ROPE;12;01/12/2010 10:29;1,25;13705;United Kingdom
536392;21889;WOODEN BOX OF DOMINOES;12;01/12/2010 10:29;1,25;13705;United Kingdom
536392;22827;RUSTIC  SEVENTEEN DRAWER SIDEBOARD;1;01/12/2010 10:29;165;13705;United Kingdom
536392;22127;PARTY CONES CARNIVAL ASSORTED;12;01/12/2010 10:29;1,25;13705;United Kingdom
536392;22128;PARTY CONES CANDY ASSORTED;12;01/12/2010 10:29;1,25;13705;United Kingdom
536392;22502;PICNIC BASKET WICKER SMALL;4;01/12/2010 10:29;5,95;13705;United Kingdom
536392;84879;ASSORTED COLOUR BIRD ORNAMENT;16;01/12/2010 10:29;1,69;13705;United Kingdom
536392;22338;STAR DECORATION PAINTED ZINC ;24;01/12/2010 10:29;0,65;13705;United Kingdom
536393;22180;RETROSPOT LAMP;8;01/12/2010 10:37;9,95;13747;United Kingdom
536394;21506;FANCY FONT BIRTHDAY CARD, ;24;01/12/2010 10:39;0,42;13408;United Kingdom
536394;22633;HAND WARMER UNION JACK;96;01/12/2010 10:39;1,85;13408;United Kingdom
536394;22866;HAND WARMER SCOTTY DOG DESIGN;96;01/12/2010 10:39;1,85;13408;United Kingdom
536394;22865;HAND WARMER OWL DESIGN;96;01/12/2010 10:39;1,85;13408;United Kingdom
536394;22632;HAND WARMER RED RETROSPOT;96;01/12/2010 10:39;1,85;13408;United Kingdom
536394;21485;RETROSPOT HEART HOT WATER BOTTLE;12;01/12/2010 10:39;4,95;13408;United Kingdom
536394;22349;DOG BOWL CHASING BALL DESIGN;12;01/12/2010 10:39;3,75;13408;United Kingdom
536394;22558;CLOTHES PEGS RETROSPOT PACK 24 ;48;01/12/2010 10:39;1,25;13408;United Kingdom
536394;85152;HAND OVER THE CHOCOLATE   SIGN ;12;01/12/2010 10:39;2,1;13408;United Kingdom
536394;85123A;WHITE HANGING HEART T-LIGHT HOLDER;32;01/12/2010 10:39;2,55;13408;United Kingdom
536394;22652;TRAVEL SEWING KIT;20;01/12/2010 10:39;1,65;13408;United Kingdom
536395;22188;BLACK HEART CARD HOLDER;8;01/12/2010 10:47;3,95;13767;United Kingdom
536395;84879;ASSORTED COLOUR BIRD ORNAMENT;32;01/12/2010 10:47;1,69;13767;United Kingdom
536395;21977;PACK OF 60 PINK PAISLEY CAKE CASES;24;01/12/2010 10:47;0,55;13767;United Kingdom
536395;84991;60 TEATIME FAIRY CAKE CASES;24;01/12/2010 10:47;0,55;13767;United Kingdom
536395;21212;PACK OF 72 RETROSPOT CAKE CASES;24;01/12/2010 10:47;0,55;13767;United Kingdom
536395;21484;CHICK GREY HOT WATER BOTTLE;8;01/12/2010 10:47;3,45;13767;United Kingdom
536395;21314;SMALL GLASS HEART TRINKET POT;8;01/12/2010 10:47;2,1;13767;United Kingdom
536395;22730;ALARM CLOCK BAKELIKE IVORY;4;01/12/2010 10:47;3,75;13767;United Kingdom
536395;22727;ALARM CLOCK BAKELIKE RED ;8;01/12/2010 10:47;3,75;13767;United Kingdom
536395;22729;ALARM CLOCK BAKELIKE ORANGE;8;01/12/2010 10:47;3,75;13767;United Kingdom
536395;22726;ALARM CLOCK BAKELIKE GREEN;8;01/12/2010 10:47;3,75;13767;United Kingdom
536395;22114;HOT WATER BOTTLE TEA AND SYMPATHY;8;01/12/2010 10:47;3,95;13767;United Kingdom
536395;22867;HAND WARMER BIRD DESIGN;48;01/12/2010 10:47;2,1;13767;United Kingdom
536395;22866;HAND WARMER SCOTTY DOG DESIGN;48;01/12/2010 10:47;2,1;13767;United Kingdom
536396;85123A;WHITE HANGING HEART T-LIGHT HOLDER;6;01/12/2010 10:51;2,55;17850;United Kingdom
536396;71053;WHITE METAL LANTERN;6;01/12/2010 10:51;3,39;17850;United Kingdom
536396;84406B;CREAM CUPID HEARTS COAT HANGER;8;01/12/2010 10:51;2,75;17850;United Kingdom
536396;15056BL;EDWARDIAN PARASOL BLACK;6;01/12/2010 10:51;4,95;17850;United Kingdom
536396;20679;EDWARDIAN PARASOL RED;6;01/12/2010 10:51;4,95;17850;United Kingdom
536396;37370;RETRO COFFEE MUGS ASSORTED;6;01/12/2010 10:51;1,06;17850;United Kingdom
536396;21871;SAVE THE PLANET MUG;6;01/12/2010 10:51;1,06;17850;United Kingdom
536396;21071;VINTAGE BILLBOARD DRINK ME MUG;6;01/12/2010 10:51;1,06;17850;United Kingdom
536396;21068;VINTAGE BILLBOARD LOVE/HATE MUG;6;01/12/2010 10:51;1,06;17850;United Kingdom
536396;82483;WOOD 2 DRAWER CABINET WHITE FINISH;2;01/12/2010 10:51;4,95;17850;United Kingdom
536396;82486;WOOD S/3 CABINET ANT WHITE FINISH;4;01/12/2010 10:51;6,95;17850;United Kingdom
536396;82482;WOODEN PICTURE FRAME WHITE FINISH;6;01/12/2010 10:51;2,1;17850;United Kingdom
536396;82494L;WOODEN FRAME ANTIQUE WHITE ;12;01/12/2010 10:51;2,55;17850;United Kingdom
536396;84029G;KNITTED UNION FLAG HOT WATER BOTTLE;6;01/12/2010 10:51;3,39;17850;United Kingdom
536396;84029E;RED WOOLLY HOTTIE WHITE HEART.;6;01/12/2010 10:51;3,39;17850;United Kingdom
536396;22752;SET 7 BABUSHKA NESTING BOXES;2;01/12/2010 10:51;7,65;17850;United Kingdom
536396;22803;IVORY EMBROIDERED QUILT ;2;01/12/2010 10:51;35,75;17850;United Kingdom
536396;21730;GLASS STAR FROSTED T-LIGHT HOLDER;6;01/12/2010 10:51;4,25;17850;United Kingdom
536397;35004B;SET OF 3 BLACK FLYING DUCKS;12;01/12/2010 10:51;4,65;17924;United Kingdom
536397;35004C;SET OF 3 COLOURED  FLYING DUCKS;48;01/12/2010 10:51;4,65;17924;United Kingdom
536398;21980;PACK OF 12 RED RETROSPOT TISSUES ;24;01/12/2010 10:52;0,29;13448;United Kingdom
536398;21844;RED RETROSPOT MUG;6;01/12/2010 10:52;2,95;13448;United Kingdom
536398;22468;BABUSHKA LIGHTS STRING OF 10;4;01/12/2010 10:52;6,75;13448;United Kingdom
536398;22637;PIGGY BANK RETROSPOT ;8;01/12/2010 10:52;2,55;13448;United Kingdom
536398;22752;SET 7 BABUSHKA NESTING BOXES;6;01/12/2010 10:52;8,5;13448;United Kingdom
536398;48185;DOORMAT FAIRY CAKE;2;01/12/2010 10:52;7,95;13448;United Kingdom
536398;22632;HAND WARMER RED RETROSPOT;12;01/12/2010 10:52;2,1;13448;United Kingdom
536398;22866;HAND WARMER SCOTTY DOG DESIGN;12;01/12/2010 10:52;2,1;13448;United Kingdom
536398;22865;HAND WARMER OWL DESIGN;12;01/12/2010 10:52;2,1;13448;United Kingdom
536398;21232;STRAWBERRY CERAMIC TRINKET BOX;12;01/12/2010 10:52;1,25;13448;United Kingdom
536398;22064;PINK DOUGHNUT TRINKET POT ;12;01/12/2010 10:52;1,65;13448;United Kingdom
536398;22449;SILK PURSE BABUSHKA PINK;6;01/12/2010 10:52;3,35;13448;United Kingdom
536398;22114;HOT WATER BOTTLE TEA AND SYMPATHY;4;01/12/2010 10:52;3,95;13448;United Kingdom
536398;22835;HOT WATER BOTTLE I AM SO POORLY;8;01/12/2010 10:52;4,65;13448;United Kingdom
536398;22112;CHOCOLATE HOT WATER BOTTLE;9;01/12/2010 10:52;4,95;13448;United Kingdom
536398;21479;WHITE SKULL HOT WATER BOTTLE ;4;01/12/2010 10:52;3,75;13448;United Kingdom
536398;22111;SCOTTIE DOG HOT WATER BOTTLE;9;01/12/2010 10:52;4,95;13448;United Kingdom
536399;22632;HAND WARMER RED POLKA DOT;6;01/12/2010 10:52;1,85;17850;United Kingdom
536399;22633;HAND WARMER UNION JACK;6;01/12/2010 10:52;1,85;17850;United Kingdom
536400;22969;HOMEMADE JAM SCENTED CANDLES;12;01/12/2010 10:53;1,45;13448;United Kingdom
536401;22110;BIRD HOUSE HOT WATER BOTTLE;1;01/12/2010 11:21;2,55;15862;United Kingdom
536401;22098;BOUDOIR SQUARE TISSUE BOX;1;01/12/2010 11:21;1,25;15862;United Kingdom
536401;22100;SKULLS SQUARE TISSUE BOX;2;01/12/2010 11:21;1,25;15862;United Kingdom
536401;22766;PHOTO FRAME CORNICE;1;01/12/2010 11:21;2,95;15862;United Kingdom
536401;22451;SILK PURSE BABUSHKA RED;1;01/12/2010 11:21;3,35;15862;United Kingdom
536401;22549;PICTURE DOMINOES;1;01/12/2010 11:21;1,45;15862;United Kingdom
536401;84744;S/6 SEW ON CROCHET FLOWERS;1;01/12/2010 11:21;1,25;15862;United Kingdom
536401;85049E;SCANDINAVIAN REDS RIBBONS;2;01/12/2010 11:21;1,25;15862;United Kingdom
536401;21328;BALLOONS  WRITING SET ;1;01/12/2010 11:21;1,65;15862;United Kingdom
536401;22961;JAM MAKING SET PRINTED;4;01/12/2010 11:21;1,45;15862;United Kingdom
536401;17091A;LAVENDER INCENSE IN TIN;1;01/12/2010 11:21;1,25;15862;United Kingdom
536401;22473;TV DINNER TRAY VINTAGE PAISLEY;1;01/12/2010 11:21;4,95;15862;United Kingdom
536401;84509A;SET OF 4 ENGLISH ROSE PLACEMATS;2;01/12/2010 11:21;3,75;15862;United Kingdom
536401;84510A;SET OF 4 ENGLISH ROSE COASTERS;2;01/12/2010 11:21;1,25;15862;United Kingdom
536401;22767;TRIPLE PHOTO FRAME CORNICE ;2;01/12/2010 11:21;9,95;15862;United Kingdom
536401;22768;FAMILY PHOTO FRAME CORNICE;1;01/12/2010 11:21;9,95;15862;United Kingdom
536401;21463;MIRRORED DISCO BALL ;1;01/12/2010 11:21;5,95;15862;United Kingdom
536401;21464;DISCO BALL ROTATOR BATTERY OPERATED;1;01/12/2010 11:21;4,25;15862;United Kingdom
536401;20820;SILVER LOOKING MIRROR;3;01/12/2010 11:21;4,95;15862;United Kingdom
536401;85150;LADIES & GENTLEMEN METAL SIGN;1;01/12/2010 11:21;2,55;15862;United Kingdom
536401;22117;METAL SIGN HER DINNER IS SERVED ;1;01/12/2010 11:21;2,95;15862;United Kingdom
536401;21169;YOU'RE CONFUSING ME METAL SIGN ;2;01/12/2010 11:21;1,69;15862;United Kingdom
536401;48129;DOORMAT TOPIARY;1;01/12/2010 11:21;7,95;15862;United Kingdom
536401;82580;BATHROOM METAL SIGN;1;01/12/2010 11:21;0,55;15862;United Kingdom
536401;82578;KITCHEN METAL SIGN;1;01/12/2010 11:21;0,55;15862;United Kingdom
536401;82581;TOILET METAL SIGN;2;01/12/2010 11:21;0,55;15862;United Kingdom
536401;22413;METAL SIGN TAKE IT OR LEAVE IT ;4;01/12/2010 11:21;2,95;15862;United Kingdom
536401;21907;I'M ON HOLIDAY METAL SIGN;2;01/12/2010 11:21;2,1;15862;United Kingdom
536401;22441;GROW YOUR OWN BASIL IN ENAMEL MUG;1;01/12/2010 11:21;2,1;15862;United Kingdom
536401;21122;SET/10 PINK POLKADOT PARTY CANDLES;1;01/12/2010 11:21;1,25;15862;United Kingdom
536401;22851;SET 20 NAPKINS FAIRY CAKES DESIGN ;1;01/12/2010 11:21;0,85;15862;United Kingdom
536401;84991;60 TEATIME FAIRY CAKE CASES;3;01/12/2010 11:21;0,55;15862;United Kingdom
536401;22810;SET OF 6 T-LIGHTS SNOWMEN;1;01/12/2010 11:21;2,95;15862;United Kingdom
536401;22809;SET OF 6 T-LIGHTS SANTA;1;01/12/2010 11:21;2,95;15862;United Kingdom
536401;22435;SET OF 9 HEART SHAPED BALLOONS;2;01/12/2010 11:21;1,25;15862;United Kingdom
536401;20966;SANDWICH BATH SPONGE;3;01/12/2010 11:21;1,25;15862;United Kingdom
536401;20963;APPLE BATH SPONGE;1;01/12/2010 11:21;1,25;15862;United Kingdom
536401;20961;STRAWBERRY BATH SPONGE ;1;01/12/2010 11:21;1,25;15862;United Kingdom
536401;22068;BLACK PIRATE TREASURE CHEST;2;01/12/2010 11:21;1,65;15862;United Kingdom
536401;21743;STAR PORTABLE TABLE LIGHT ;2;01/12/2010 11:21;2,95;15862;United Kingdom
536401;21744;SNOWFLAKE PORTABLE TABLE LIGHT ;2;01/12/2010 11:21;2,95;15862;United Kingdom
536401;84709B;PINK OVAL JEWELLED MIRROR;1;01/12/2010 11:21;5,95;15862;United Kingdom
536401;21592;RETROSPOT CIGAR BOX MATCHES ;1;01/12/2010 11:21;1,25;15862;United Kingdom
536401;21587;COSY HOUR GIANT TUBE MATCHES;2;01/12/2010 11:21;2,55;15862;United Kingdom
536401;20992;JAZZ HEARTS PURSE NOTEBOOK;9;01/12/2010 11:21;0,85;15862;United Kingdom
536401;22662;LUNCH BAG DOLLY GIRL DESIGN;1;01/12/2010 11:21;1,65;15862;United Kingdom
536401;85123A;WHITE HANGING HEART T-LIGHT HOLDER;4;01/12/2010 11:21;2,95;15862;United Kingdom
536401;22804;CANDLEHOLDER PINK HANGING HEART;3;01/12/2010 11:21;2,95;15862;United Kingdom
536401;82483;WOOD 2 DRAWER CABINET WHITE FINISH;1;01/12/2010 11:21;5,95;15862;United Kingdom
536401;20749;ASSORTED COLOUR MINI CASES;1;01/12/2010 11:21;7,95;15862;United Kingdom
536401;20725;LUNCH BAG RED RETROSPOT;1;01/12/2010 11:21;1,65;15862;United Kingdom
536401;22382;LUNCH BAG SPACEBOY DESIGN ;2;01/12/2010 11:21;1,65;15862;United Kingdom
536401;20726;LUNCH BAG WOODLAND;1;01/12/2010 11:21;1,65;15862;United Kingdom
536401;22384;LUNCH BAG PINK POLKADOT;1;01/12/2010 11:21;1,65;15862;United Kingdom
536401;22467;GUMBALL COAT RACK;5;01/12/2010 11:21;2,55;15862;United Kingdom
536401;84625C;BLUE NEW BAROQUE CANDLESTICK CANDLE;3;01/12/2010 11:21;2,95;15862;United Kingdom
536401;84625A;PINK NEW BAROQUECANDLESTICK CANDLE;3;01/12/2010 11:21;2,95;15862;United Kingdom
536401;21108;FAIRY CAKE FLANNEL ASSORTED COLOUR;9;01/12/2010 11:21;2,55;15862;United Kingdom
536401;22848;BREAD BIN DINER STYLE PINK;1;01/12/2010 11:21;16,95;15862;United Kingdom
536401;21033;JUMBO BAG CHARLIE AND LOLA TOYS;4;01/12/2010 11:21;2,95;15862;United Kingdom
536401;47570B;TEA TIME TABLE CLOTH;1;01/12/2010 11:21;10,65;15862;United Kingdom
536401;84030E;ENGLISH ROSE HOT WATER BOTTLE;1;01/12/2010 11:21;4,25;15862;United Kingdom
536401;22428;ENAMEL FIRE BUCKET CREAM;2;01/12/2010 11:21;6,95;15862;United Kingdom
536401;22502;PICNIC BASKET WICKER SMALL;2;01/12/2010 11:21;5,95;15862;United Kingdom
536402;22086;PAPER CHAIN KIT 50'S CHRISTMAS ;40;01/12/2010 11:22;2,55;15513;United Kingdom
536402;22910;PAPER CHAIN KIT VINTAGE CHRISTMAS;40;01/12/2010 11:22;2,55;15513;United Kingdom
536402;22837;HOT WATER BOTTLE BABUSHKA ;36;01/12/2010 11:22;4,25;15513;United Kingdom
536403;22867;HAND WARMER BIRD DESIGN;96;01/12/2010 11:27;1,85;12791;Netherlands
536403;POST;POSTAGE;1;01/12/2010 11:27;15;12791;Netherlands
536404;22297;HEART IVORY TRELLIS SMALL;24;01/12/2010 11:29;1,25;16218;United Kingdom
536404;22771;CLEAR DRAWER KNOB ACRYLIC EDWARDIAN;12;01/12/2010 11:29;1,25;16218;United Kingdom
536404;22772;PINK DRAWER KNOB ACRYLIC EDWARDIAN;12;01/12/2010 11:29;1,25;16218;United Kingdom
536404;22773;GREEN DRAWER KNOB ACRYLIC EDWARDIAN;12;01/12/2010 11:29;1,25;16218;United Kingdom
536404;22805;BLUE DRAWER KNOB ACRYLIC EDWARDIAN;12;01/12/2010 11:29;1,25;16218;United Kingdom
536404;22469;HEART OF WICKER SMALL;12;01/12/2010 11:29;1,65;16218;United Kingdom
536404;22197;SMALL POPCORN HOLDER;36;01/12/2010 11:29;0,85;16218;United Kingdom
536404;21125;SET 6 FOOTBALL CELEBRATION CANDLES;12;01/12/2010 11:29;1,25;16218;United Kingdom
536404;21126;SET OF 6 GIRLS CELEBRATION CANDLES;12;01/12/2010 11:29;1,25;16218;United Kingdom
536404;85049C;ROMANTIC PINKS RIBBONS ;12;01/12/2010 11:29;1,25;16218;United Kingdom
536404;85049D;BRIGHT BLUES RIBBONS ;12;01/12/2010 11:29;1,25;16218;United Kingdom
536404;85049E;SCANDINAVIAN REDS RIBBONS;12;01/12/2010 11:29;1,25;16218;United Kingdom
536404;85049G;CHOCOLATE BOX RIBBONS ;12;01/12/2010 11:29;1,25;16218;United Kingdom
536404;21061;PARTY INVITES FOOTBALL;12;01/12/2010 11:29;0,85;16218;United Kingdom
536404;21063;PARTY INVITES JAZZ HEARTS;12;01/12/2010 11:29;0,85;16218;United Kingdom
536404;21062;PARTY INVITES SPACEMAN;12;01/12/2010 11:29;0,85;16218;United Kingdom
536404;84380;SET OF 3 BUTTERFLY COOKIE CUTTERS;12;01/12/2010 11:29;1,25;16218;United Kingdom
536404;84378;SET OF 3 HEART COOKIE CUTTERS;12;01/12/2010 11:29;1,25;16218;United Kingdom
536404;22964;3 PIECE SPACEBOY COOKIE CUTTER SET;12;01/12/2010 11:29;2,1;16218;United Kingdom
536404;21213;PACK OF 72 SKULL CAKE CASES;24;01/12/2010 11:29;0,55;16218;United Kingdom
536404;22417;PACK OF 60 SPACEBOY CAKE CASES;24;01/12/2010 11:29;0,55;16218;United Kingdom
536404;21212;PACK OF 72 RETROSPOT CAKE CASES;24;01/12/2010 11:29;0,55;16218;United Kingdom
536404;84992;72 SWEETHEART FAIRY CAKE CASES;24;01/12/2010 11:29;0,55;16218;United Kingdom
536404;21975;PACK OF 60 DINOSAUR CAKE CASES;24;01/12/2010 11:29;0,55;16218;United Kingdom
536404;22383;LUNCH BAG SUKI  DESIGN ;10;01/12/2010 11:29;1,65;16218;United Kingdom
536404;20728;LUNCH BAG CARS BLUE;10;01/12/2010 11:29;1,65;16218;United Kingdom
536404;20727;LUNCH BAG  BLACK SKULL.;10;01/12/2010 11:29;1,65;16218;United Kingdom
536404;22296;HEART IVORY TRELLIS LARGE;24;01/12/2010 11:29;1,65;16218;United Kingdom
536405;20914;SET/5 RED RETROSPOT LID GLASS BOWLS;128;01/12/2010 11:32;2,55;14045;United Kingdom
536406;85123A;WHITE HANGING HEART T-LIGHT HOLDER;8;01/12/2010 11:33;2,55;17850;United Kingdom
536406;71053;WHITE METAL LANTERN;8;01/12/2010 11:33;3,39;17850;United Kingdom
536406;84406B;CREAM CUPID HEARTS COAT HANGER;8;01/12/2010 11:33;2,75;17850;United Kingdom
536406;20679;EDWARDIAN PARASOL RED;6;01/12/2010 11:33;4,95;17850;United Kingdom
536406;37370;RETRO COFFEE MUGS ASSORTED;6;01/12/2010 11:33;1,06;17850;United Kingdom
536406;21871;SAVE THE PLANET MUG;6;01/12/2010 11:33;1,06;17850;United Kingdom
536406;21071;VINTAGE BILLBOARD DRINK ME MUG;6;01/12/2010 11:33;1,06;17850;United Kingdom
536406;21068;VINTAGE BILLBOARD LOVE/HATE MUG;6;01/12/2010 11:33;1,06;17850;United Kingdom
536406;82483;WOOD 2 DRAWER CABINET WHITE FINISH;4;01/12/2010 11:33;4,95;17850;United Kingdom
536406;82486;WOOD S/3 CABINET ANT WHITE FINISH;4;01/12/2010 11:33;6,95;17850;United Kingdom
536406;82482;WOODEN PICTURE FRAME WHITE FINISH;6;01/12/2010 11:33;2,1;17850;United Kingdom
536406;82494L;WOODEN FRAME ANTIQUE WHITE ;6;01/12/2010 11:33;2,55;17850;United Kingdom
536406;84029G;KNITTED UNION FLAG HOT WATER BOTTLE;6;01/12/2010 11:33;3,39;17850;United Kingdom
536406;84029E;RED WOOLLY HOTTIE WHITE HEART.;6;01/12/2010 11:33;3,39;17850;United Kingdom
536406;22752;SET 7 BABUSHKA NESTING BOXES;2;01/12/2010 11:33;7,65;17850;United Kingdom
536406;22803;IVORY EMBROIDERED QUILT ;2;01/12/2010 11:33;35,75;17850;United Kingdom
536406;21730;GLASS STAR FROSTED T-LIGHT HOLDER;6;01/12/2010 11:33;4,25;17850;United Kingdom
536407;22632;HAND WARMER RED POLKA DOT;6;01/12/2010 11:34;1,85;17850;United Kingdom
536407;22633;HAND WARMER UNION JACK;6;01/12/2010 11:34;1,85;17850;United Kingdom
536408;22537;MAGIC DRAWING SLATE DINOSAUR;24;01/12/2010 11:41;0,42;14307;United Kingdom
536408;22533;MAGIC DRAWING SLATE BAKE A CAKE ;24;01/12/2010 11:41;0,42;14307;United Kingdom
536408;20982;12 PENCILS TALL TUBE SKULLS;12;01/12/2010 11:41;0,85;14307;United Kingdom
536408;21832;CHOCOLATE CALCULATOR;12;01/12/2010 11:41;1,65;14307;United Kingdom
536408;21915;RED  HARMONICA IN BOX ;12;01/12/2010 11:41;1,25;14307;United Kingdom
536408;21914;BLUE HARMONICA IN BOX ;12;01/12/2010 11:41;1,25;14307;United Kingdom
536408;21544;SKULLS  WATER TRANSFER TATTOOS ;12;01/12/2010 11:41;0,85;14307;United Kingdom
536408;22813;PACK 3 BOXES BIRD PANNETONE ;12;01/12/2010 11:41;1,95;14307;United Kingdom
536408;22114;HOT WATER BOTTLE TEA AND SYMPATHY;4;01/12/2010 11:41;3,95;14307;United Kingdom
536408;84029E;RED WOOLLY HOTTIE WHITE HEART.;4;01/12/2010 11:41;3,75;14307;United Kingdom
536408;21479;WHITE SKULL HOT WATER BOTTLE ;4;01/12/2010 11:41;3,75;14307;United Kingdom
536408;22964;3 PIECE SPACEBOY COOKIE CUTTER SET;6;01/12/2010 11:41;2,1;14307;United Kingdom
536408;84375;SET OF 20 KIDS COOKIE CUTTERS;12;01/12/2010 11:41;2,1;14307;United Kingdom
536408;22418;10 COLOUR SPACEBOY PEN;24;01/12/2010 11:41;0,85;14307;United Kingdom
536408;22178;VICTORIAN GLASS HANGING T-LIGHT;12;01/12/2010 11:41;1,25;14307;United Kingdom
536408;84970L;SINGLE HEART ZINC T-LIGHT HOLDER;12;01/12/2010 11:41;0,95;14307;United Kingdom
536408;21733;RED HANGING HEART T-LIGHT HOLDER;6;01/12/2010 11:41;2,95;14307;United Kingdom
536408;22465;HANGING METAL STAR LANTERN;12;01/12/2010 11:41;1,65;14307;United Kingdom
536408;84949;SILVER HANGING T-LIGHT HOLDER;6;01/12/2010 11:41;1,65;14307;United Kingdom
536408;20685;DOORMAT RED RETROSPOT;2;01/12/2010 11:41;7,95;14307;United Kingdom
536408;48194;DOORMAT HEARTS;2;01/12/2010 11:41;7,95;14307;United Kingdom
536408;22488;NATURAL SLATE RECTANGLE CHALKBOARD;12;01/12/2010 11:41;1,65;14307;United Kingdom
536408;22219;LOVEBIRD HANGING DECORATION WHITE ;12;01/12/2010 11:41;0,85;14307;United Kingdom
536408;84879;ASSORTED COLOUR BIRD ORNAMENT;8;01/12/2010 11:41;1,69;14307;United Kingdom
536408;21754;HOME BUILDING BLOCK WORD;3;01/12/2010 11:41;5,95;14307;United Kingdom
536408;21755;LOVE BUILDING BLOCK WORD;3;01/12/2010 11:41;5,95;14307;United Kingdom
536408;22766;PHOTO FRAME CORNICE;8;01/12/2010 11:41;2,95;14307;United Kingdom
536408;22610;PENS ASSORTED FUNNY FACE;36;01/12/2010 11:41;0,85;14307;United Kingdom
536408;22716;CARD CIRCUS PARADE;12;01/12/2010 11:41;0,42;14307;United Kingdom
536408;22706;WRAP COWBOYS  ;25;01/12/2010 11:41;0,42;14307;United Kingdom
536408;22371;AIRLINE BAG VINTAGE TOKYO 78;4;01/12/2010 11:41;4,25;14307;United Kingdom
536408;85014B;RED RETROSPOT UMBRELLA;3;01/12/2010 11:41;5,95;14307;United Kingdom
536408;85014A;BLACK/BLUE POLKADOT UMBRELLA;3;01/12/2010 11:41;5,95;14307;United Kingdom
536408;84997B;RED 3 PIECE RETROSPOT CUTLERY SET;6;01/12/2010 11:41;3,75;14307;United Kingdom
536408;21212;PACK OF 72 RETROSPOT CAKE CASES;24;01/12/2010 11:41;0,55;14307;United Kingdom
536408;21210;SET OF 72 RETROSPOT PAPER  DOILIES;12;01/12/2010 11:41;1,45;14307;United Kingdom
536408;22914;BLUE COAT RACK PARIS FASHION;3;01/12/2010 11:41;4,95;14307;United Kingdom
536408;22553;PLASTERS IN TIN SKULLS;12;01/12/2010 11:41;1,65;14307;United Kingdom
536408;16237;SLEEPING CAT ERASERS;30;01/12/2010 11:41;0,21;14307;United Kingdom
536408;22714;CARD BIRTHDAY COWBOY;12;01/12/2010 11:41;0,42;14307;United Kingdom
536408;22812;PACK 3 BOXES CHRISTMAS PANNETONE;12;01/12/2010 11:41;1,95;14307;United Kingdom
536408;84347;ROTATING SILVER ANGELS T-LIGHT HLDR;6;01/12/2010 11:41;2,55;14307;United Kingdom
536408;21587;COSY HOUR GIANT TUBE MATCHES;12;01/12/2010 11:41;2,55;14307;United Kingdom
536408;22736;RIBBON REEL MAKING SNOWMEN ;10;01/12/2010 11:41;1,65;14307;United Kingdom
536408;22492;MINI PAINT SET VINTAGE ;36;01/12/2010 11:41;0,65;14307;United Kingdom
536408;22620;4 TRADITIONAL SPINNING TOPS;12;01/12/2010 11:41;1,25;14307;United Kingdom
536408;22619;SET OF 6 SOLDIER SKITTLES;4;01/12/2010 11:41;3,75;14307;United Kingdom
536408;21705;BAG 500g SWIRLY MARBLES;12;01/12/2010 11:41;1,65;14307;United Kingdom
536409;90199C;5 STRAND GLASS NECKLACE CRYSTAL;3;01/12/2010 11:45;6,35;17908;United Kingdom
536409;21479;WHITE SKULL HOT WATER BOTTLE ;1;01/12/2010 11:45;3,75;17908;United Kingdom
536409;22111;SCOTTIE DOG HOT WATER BOTTLE;1;01/12/2010 11:45;4,95;17908;United Kingdom
536409;22785;SQUARECUSHION COVER PINK UNION FLAG;1;01/12/2010 11:45;6,75;17908;United Kingdom
536409;22975;SPACEBOY CHILDRENS EGG CUP;1;01/12/2010 11:45;1,25;17908;United Kingdom
536409;22972;CHILDREN'S SPACEBOY MUG;1;01/12/2010 11:45;1,65;17908;United Kingdom
536409;22866;HAND WARMER SCOTTY DOG DESIGN;1;01/12/2010 11:45;2,1;17908;United Kingdom
536409;22568;FELTCRAFT CUSHION OWL;1;01/12/2010 11:45;3,75;17908;United Kingdom
536409;85116;BLACK CANDELABRA T-LIGHT HOLDER;1;01/12/2010 11:45;2,1;17908;United Kingdom
536409;22664;TOY TIDY DOLLY GIRL DESIGN;1;01/12/2010 11:45;2,1;17908;United Kingdom
536409;21609;SET 12 LAVENDER  BOTANICAL T-LIGHTS;1;01/12/2010 11:45;2,95;17908;United Kingdom
536409;21866;UNION JACK FLAG LUGGAGE TAG;1;01/12/2010 11:45;1,25;17908;United Kingdom
536409;20669;RED HEART LUGGAGE TAG;1;01/12/2010 11:45;1,25;17908;United Kingdom
536409;90129F;RED GLASS TASSLE BAG CHARM;1;01/12/2010 11:45;2,95;17908;United Kingdom
536409;90210B;CLEAR ACRYLIC FACETED BANGLE;1;01/12/2010 11:45;2,95;17908;United Kingdom
536409;90199C;5 STRAND GLASS NECKLACE CRYSTAL;1;01/12/2010 11:45;6,35;17908;United Kingdom
536409;21955;DOORMAT UNION JACK GUNS AND ROSES;1;01/12/2010 11:45;7,95;17908;United Kingdom
536409;72802C;VANILLA SCENT CANDLE JEWELLED BOX;1;01/12/2010 11:45;4,25;17908;United Kingdom
536409;22109;FULL ENGLISH BREAKFAST PLATE;1;01/12/2010 11:45;3,75;17908;United Kingdom
536409;85116;BLACK CANDELABRA T-LIGHT HOLDER;5;01/12/2010 11:45;2,1;17908;United Kingdom
536409;22531;MAGIC DRAWING SLATE CIRCUS PARADE  ;1;01/12/2010 11:45;0,42;17908;United Kingdom
536409;21811;CHRISTMAS HANGING HEART WITH BELL;1;01/12/2010 11:45;1,25;17908;United Kingdom
536409;22183;CAKE STAND VICTORIAN FILIGREE MED;1;01/12/2010 11:45;6,75;17908;United Kingdom
536409;21678;PAISLEY PATTERN  STICKERS;6;01/12/2010 11:45;0,85;17908;United Kingdom
536409;21676;FLOWERS  STICKERS;6;01/12/2010 11:45;0,85;17908;United Kingdom
536409;84625A;PINK NEW BAROQUECANDLESTICK CANDLE;1;01/12/2010 11:45;2,95;17908;United Kingdom
536409;84625C;BLUE NEW BAROQUE CANDLESTICK CANDLE;3;01/12/2010 11:45;2,95;17908;United Kingdom
536409;21931;JUMBO STORAGE BAG SUKI;2;01/12/2010 11:45;1,95;17908;United Kingdom
536409;85169B;BLACK LOVE BIRD CANDLE;12;01/12/2010 11:45;1,25;17908;United Kingdom
536409;16238;PARTY TIME PENCIL ERASERS;28;01/12/2010 11:45;0,21;17908;United Kingdom
536409;20668;DISCO BALL CHRISTMAS DECORATION;24;01/12/2010 11:45;0,12;17908;United Kingdom
536409;84906;PINK B'FLY C/COVER W BOBBLES;1;01/12/2010 11:45;5,95;17908;United Kingdom
536409;21867;PINK UNION JACK  LUGGAGE TAG;1;01/12/2010 11:45;1,25;17908;United Kingdom
536409;22075;6 RIBBONS ELEGANT CHRISTMAS ;1;01/12/2010 11:45;1,65;17908;United Kingdom
536409;21866;UNION JACK FLAG LUGGAGE TAG;1;01/12/2010 11:45;1,25;17908;United Kingdom
536409;21326;AGED GLASS SILVER T-LIGHT HOLDER;12;01/12/2010 11:45;0,65;17908;United Kingdom
536409;21065;BOOM BOX SPEAKER GIRLS;1;01/12/2010 11:45;5,95;17908;United Kingdom
536409;22074;6 RIBBONS SHIMMERING PINKS ;1;01/12/2010 11:45;1,65;17908;United Kingdom
536409;22900; SET 2 TEA TOWELS I LOVE LONDON ;1;01/12/2010 11:45;2,95;17908;United Kingdom
536409;20713;JUMBO BAG OWLS;1;01/12/2010 11:45;1,95;17908;United Kingdom
536409;20966;SANDWICH BATH SPONGE;2;01/12/2010 11:45;1,25;17908;United Kingdom
536409;21116;OWL DOORSTOP;1;01/12/2010 11:45;4,95;17908;United Kingdom
536409;90199C;5 STRAND GLASS NECKLACE CRYSTAL;2;01/12/2010 11:45;6,35;17908;United Kingdom
536409;22633;HAND WARMER UNION JACK;1;01/12/2010 11:45;2,1;17908;United Kingdom
536409;22866;HAND WARMER SCOTTY DOG DESIGN;1;01/12/2010 11:45;2,1;17908;United Kingdom
536409;22198;LARGE POPCORN HOLDER ;1;01/12/2010 11:45;1,65;17908;United Kingdom
536409;21824;PAINTED METAL STAR WITH HOLLY BELLS;3;01/12/2010 11:45;1,45;17908;United Kingdom
536409;21823;PAINTED METAL HEART WITH HOLLY BELL;3;01/12/2010 11:45;1,45;17908;United Kingdom
536409;22153;ANGEL DECORATION STARS ON DRESS;6;01/12/2010 11:45;0,42;17908;United Kingdom
536409;22197;SMALL POPCORN HOLDER;2;01/12/2010 11:45;0,85;17908;United Kingdom
536409;85099B;JUMBO BAG RED RETROSPOT;2;01/12/2010 11:45;1,95;17908;United Kingdom
536409;85099F;JUMBO BAG STRAWBERRY;1;01/12/2010 11:45;1,95;17908;United Kingdom
536409;20717;STRAWBERRY SHOPPER BAG;1;01/12/2010 11:45;1,25;17908;United Kingdom
536409;20723;STRAWBERRY CHARLOTTE BAG;1;01/12/2010 11:45;0,85;17908;United Kingdom
536409;22900; SET 2 TEA TOWELS I LOVE LONDON ;1;01/12/2010 11:45;2,95;17908;United Kingdom
536409;21980;PACK OF 12 RED RETROSPOT TISSUES ;12;01/12/2010 11:45;0,29;17908;United Kingdom
536409;22111;SCOTTIE DOG HOT WATER BOTTLE;1;01/12/2010 11:45;4,95;17908;United Kingdom
536409;22112;CHOCOLATE HOT WATER BOTTLE;1;01/12/2010 11:45;4,95;17908;United Kingdom
536412;20728;LUNCH BAG CARS BLUE;3;01/12/2010 11:49;1,65;17920;United Kingdom
536412;22382;LUNCH BAG SPACEBOY DESIGN ;3;01/12/2010 11:49;1,65;17920;United Kingdom
536412;22326;ROUND SNACK BOXES SET OF4 WOODLAND ;1;01/12/2010 11:49;2,95;17920;United Kingdom
536412;22662;LUNCH BAG DOLLY GIRL DESIGN;4;01/12/2010 11:49;1,65;17920;United Kingdom
536412;22383;LUNCH BAG SUKI  DESIGN ;3;01/12/2010 11:49;1,65;17920;United Kingdom
536412;20727;LUNCH BAG  BLACK SKULL.;3;01/12/2010 11:49;1,65;17920;United Kingdom
536412;22328;ROUND SNACK BOXES SET OF 4 FRUITS ;1;01/12/2010 11:49;2,95;17920;United Kingdom
536412;22327;ROUND SNACK BOXES SET OF 4 SKULLS;1;01/12/2010 11:49;2,95;17920;United Kingdom
536412;22630;DOLLY GIRL LUNCH BOX;1;01/12/2010 11:49;1,95;17920;United Kingdom
536412;22629;SPACEBOY LUNCH BOX ;1;01/12/2010 11:49;1,95;17920;United Kingdom
536412;21245;GREEN POLKADOT PLATE ;1;01/12/2010 11:49;1,69;17920;United Kingdom
536412;21244;BLUE POLKADOT PLATE ;1;01/12/2010 11:49;1,69;17920;United Kingdom
536412;21242;RED RETROSPOT PLATE ;1;01/12/2010 11:49;1,69;17920;United Kingdom
536412;21243;PINK  POLKADOT PLATE ;1;01/12/2010 11:49;1,69;17920;United Kingdom
536412;22327;ROUND SNACK BOXES SET OF 4 SKULLS;1;01/12/2010 11:49;2,95;17920;United Kingdom
536412;22273;FELTCRAFT DOLL MOLLY;1;01/12/2010 11:49;2,95;17920;United Kingdom
536412;22940;FELTCRAFT CHRISTMAS FAIRY;3;01/12/2010 11:49;4,25;17920;United Kingdom
536412;22652;TRAVEL SEWING KIT;5;01/12/2010 11:49;1,65;17920;United Kingdom
536412;22759;SET OF 3 NOTEBOOKS IN PARCEL;1;01/12/2010 11:49;1,65;17920;United Kingdom
536412;21880;RED RETROSPOT TAPE;10;01/12/2010 11:49;0,65;17920;United Kingdom
536412;21738;COSY SLIPPER SHOES SMALL  RED ;1;01/12/2010 11:49;2,95;17920;United Kingdom
536412;22077;6 RIBBONS RUSTIC CHARM;1;01/12/2010 11:49;1,65;17920;United Kingdom
536412;85049E;SCANDINAVIAN REDS RIBBONS;3;01/12/2010 11:49;1,25;17920;United Kingdom
536412;22961;JAM MAKING SET PRINTED;24;01/12/2010 11:49;1,45;17920;United Kingdom
536412;21448;12 DAISY PEGS IN WOOD BOX;2;01/12/2010 11:49;1,65;17920;United Kingdom
536412;22837;HOT WATER BOTTLE BABUSHKA ;3;01/12/2010 11:49;4,65;17920;United Kingdom
536412;22749;FELTCRAFT PRINCESS CHARLOTTE DOLL;2;01/12/2010 11:49;3,75;17920;United Kingdom
536412;22940;FELTCRAFT CHRISTMAS FAIRY;1;01/12/2010 11:49;4,25;17920;United Kingdom
536412;22749;FELTCRAFT PRINCESS CHARLOTTE DOLL;1;01/12/2010 11:49;3,75;17920;United Kingdom
536412;22077;6 RIBBONS RUSTIC CHARM;2;01/12/2010 11:49;1,65;17920;United Kingdom
536412;21738;COSY SLIPPER SHOES SMALL  RED ;2;01/12/2010 11:49;2,95;17920;United Kingdom
536412;85049E;SCANDINAVIAN REDS RIBBONS;1;01/12/2010 11:49;1,25;17920;United Kingdom
536412;22243;5 HOOK HANGER RED MAGIC TOADSTOOL;6;01/12/2010 11:49;1,65;17920;United Kingdom
536412;22141;CHRISTMAS CRAFT TREE TOP ANGEL;1;01/12/2010 11:49;2,1;17920;United Kingdom
536412;22144;CHRISTMAS CRAFT LITTLE FRIENDS;2;01/12/2010 11:49;2,1;17920;United Kingdom
536412;22243;5 HOOK HANGER RED MAGIC TOADSTOOL;3;01/12/2010 11:49;1,65;17920;United Kingdom
536412;22077;6 RIBBONS RUSTIC CHARM;7;01/12/2010 11:49;1,65;17920;United Kingdom
536412;21448;12 DAISY PEGS IN WOOD BOX;1;01/12/2010 11:49;1,65;17920;United Kingdom
536412;22759;SET OF 3 NOTEBOOKS IN PARCEL;5;01/12/2010 11:49;1,65;17920;United Kingdom
536412;22242;5 HOOK HANGER MAGIC TOADSTOOL;5;01/12/2010 11:49;1,65;17920;United Kingdom
536412;85049E;SCANDINAVIAN REDS RIBBONS;12;01/12/2010 11:49;1,25;17920;United Kingdom
536412;21731;RED TOADSTOOL LED NIGHT LIGHT;5;01/12/2010 11:49;1,65;17920;United Kingdom
536412;22243;5 HOOK HANGER RED MAGIC TOADSTOOL;1;01/12/2010 11:49;1,65;17920;United Kingdom
536412;21739;COSY SLIPPER SHOES SMALL GREEN;2;01/12/2010 11:49;2,95;17920;United Kingdom
536412;21738;COSY SLIPPER SHOES SMALL  RED ;5;01/12/2010 11:49;2,95;17920;United Kingdom
536412;22271;FELTCRAFT DOLL ROSIE;2;01/12/2010 11:49;2,95;17920;United Kingdom
536412;22273;FELTCRAFT DOLL MOLLY;1;01/12/2010 11:49;2,95;17920;United Kingdom
536412;22274;FELTCRAFT DOLL EMILY;2;01/12/2010 11:49;2,95;17920;United Kingdom
536412;22749;FELTCRAFT PRINCESS CHARLOTTE DOLL;1;01/12/2010 11:49;3,75;17920;United Kingdom
536412;22751;FELTCRAFT PRINCESS OLIVIA DOLL;2;01/12/2010 11:49;3,75;17920;United Kingdom
536412;21034;REX CASH+CARRY JUMBO SHOPPER;1;01/12/2010 11:49;0,95;17920;United Kingdom
536412;22273;FELTCRAFT DOLL MOLLY;2;01/12/2010 11:49;2,95;17920;United Kingdom
536412;22568;FELTCRAFT CUSHION OWL;3;01/12/2010 11:49;3,75;17920;United Kingdom
536412;22141;CHRISTMAS CRAFT TREE TOP ANGEL;1;01/12/2010 11:49;2,1;17920;United Kingdom
536412;22144;CHRISTMAS CRAFT LITTLE FRIENDS;1;01/12/2010 11:49;2,1;17920;United Kingdom
536412;22570;FELTCRAFT CUSHION RABBIT;3;01/12/2010 11:49;3,75;17920;United Kingdom
536412;22569;FELTCRAFT CUSHION BUTTERFLY;2;01/12/2010 11:49;3,75;17920;United Kingdom
536412;21448;12 DAISY PEGS IN WOOD BOX;1;01/12/2010 11:49;1,65;17920;United Kingdom
536412;22086;PAPER CHAIN KIT 50'S CHRISTMAS ;1;01/12/2010 11:49;2,95;17920;United Kingdom
536412;22569;FELTCRAFT CUSHION BUTTERFLY;2;01/12/2010 11:49;3,75;17920;United Kingdom
536412;21448;12 DAISY PEGS IN WOOD BOX;2;01/12/2010 11:49;1,65;17920;United Kingdom
536412;22968;ROSE COTTAGE KEEPSAKE BOX ;4;01/12/2010 11:49;9,95;17920;United Kingdom
536412;22902;TOTE BAG I LOVE LONDON;7;01/12/2010 11:49;2,1;17920;United Kingdom
536412;21448;12 DAISY PEGS IN WOOD BOX;2;01/12/2010 11:49;1,65;17920;United Kingdom
536412;22902;TOTE BAG I LOVE LONDON;7;01/12/2010 11:49;2,1;17920;United Kingdom
536412;21710;FOLDING UMBRELLA PINKWHITE POLKADOT;1;01/12/2010 11:49;4,95;17920;United Kingdom
536412;21708;FOLDING UMBRELLA CREAM POLKADOT;1;01/12/2010 11:49;4,95;17920;United Kingdom
536412;21711;FOLDING UMBRELLA WHITE/RED POLKADOT;1;01/12/2010 11:49;4,95;17920;United Kingdom
536412;22179;SET 10 LIGHTS NIGHT OWL;2;01/12/2010 11:49;6,75;17920;United Kingdom
536412;22197;SMALL POPCORN HOLDER;5;01/12/2010 11:49;0,85;17920;United Kingdom
536412;22900; SET 2 TEA TOWELS I LOVE LONDON ;2;01/12/2010 11:49;2,95;17920;United Kingdom
536412;21706;FOLDING UMBRELLA RED/WHITE POLKADOT;1;01/12/2010 11:49;4,95;17920;United Kingdom
536412;22468;BABUSHKA LIGHTS STRING OF 10;2;01/12/2010 11:49;6,75;17920;United Kingdom
536412;20725;LUNCH BAG RED RETROSPOT;1;01/12/2010 11:49;1,65;17920;United Kingdom
536412;85184C;S/4 VALENTINE DECOUPAGE HEART BOX;1;01/12/2010 11:49;2,95;17920;United Kingdom
536412;21708;FOLDING UMBRELLA CREAM POLKADOT;1;01/12/2010 11:49;4,95;17920;United Kingdom
536412;22900; SET 2 TEA TOWELS I LOVE LONDON ;2;01/12/2010 11:49;2,95;17920;United Kingdom
536412;21706;FOLDING UMBRELLA RED/WHITE POLKADOT;1;01/12/2010 11:49;4,95;17920;United Kingdom
536412;22988;SOLDIERS EGG CUP ;6;01/12/2010 11:49;1,25;17920;United Kingdom
536412;85184C;S/4 VALENTINE DECOUPAGE HEART BOX;1;01/12/2010 11:49;2,95;17920;United Kingdom
536412;20750;RED RETROSPOT MINI CASES;1;01/12/2010 11:49;7,95;17920;United Kingdom
536414;22139;;56;01/12/2010 11:52;0;;United Kingdom
536415;22952;60 CAKE CASES VINTAGE CHRISTMAS;10;01/12/2010 11:57;0,55;12838;United Kingdom
536415;22910;PAPER CHAIN KIT VINTAGE CHRISTMAS;5;01/12/2010 11:57;2,95;12838;United Kingdom
536415;22739;RIBBON REEL CHRISTMAS SOCK BAUBLE;3;01/12/2010 11:57;1,65;12838;United Kingdom
536415;22738;RIBBON REEL SNOWY VILLAGE;3;01/12/2010 11:57;1,65;12838;United Kingdom
536415;22736;RIBBON REEL MAKING SNOWMEN ;3;01/12/2010 11:57;1,65;12838;United Kingdom
536415;22909;SET OF 20 VINTAGE CHRISTMAS NAPKINS;5;01/12/2010 11:57;0,85;12838;United Kingdom
536415;35591T;TURQUOISE CHRISTMAS TREE ;2;01/12/2010 11:57;1,25;12838;United Kingdom
536415;22186;RED STAR CARD HOLDER;5;01/12/2010 11:57;2,95;12838;United Kingdom
536415;22695;WICKER WREATH SMALL;3;01/12/2010 11:57;1,45;12838;United Kingdom
536415;22470;HEART OF WICKER LARGE;1;01/12/2010 11:57;2,95;12838;United Kingdom
536415;22580;ADVENT CALENDAR GINGHAM SACK;1;01/12/2010 11:57;5,95;12838;United Kingdom
536415;22469;HEART OF WICKER SMALL;5;01/12/2010 11:57;1,65;12838;United Kingdom
536415;22147;FELTCRAFT BUTTERFLY HEARTS;4;01/12/2010 11:57;1,45;12838;United Kingdom
536415;22130;PARTY CONE CHRISTMAS DECORATION ;6;01/12/2010 11:57;0,85;12838;United Kingdom
536415;21791;VINTAGE HEADS AND TAILS CARD GAME ;3;01/12/2010 11:57;1,25;12838;United Kingdom
536415;22694;WICKER STAR ;5;01/12/2010 11:57;2,1;12838;United Kingdom
536415;21790;VINTAGE SNAP CARDS;3;01/12/2010 11:57;0,85;12838;United Kingdom
536415;22149;FELTCRAFT 6 FLOWER FRIENDS;4;01/12/2010 11:57;2,1;12838;United Kingdom
536415;22900; SET 2 TEA TOWELS I LOVE LONDON ;3;01/12/2010 11:57;2,95;12838;United Kingdom
536415;22961;JAM MAKING SET PRINTED;3;01/12/2010 11:57;1,45;12838;United Kingdom
536415;22321;BIRD DECORATION RED RETROSPOT;12;01/12/2010 11:57;0,85;12838;United Kingdom
536415;22594;CHRISTMAS GINGHAM TREE;5;01/12/2010 11:57;0,85;12838;United Kingdom
536415;22593;CHRISTMAS GINGHAM STAR;4;01/12/2010 11:57;0,85;12838;United Kingdom
536415;22595;CHRISTMAS GINGHAM HEART;6;01/12/2010 11:57;0,85;12838;United Kingdom
536415;21986;PACK OF 12 PINK POLKADOT TISSUES;12;01/12/2010 11:57;0,29;12838;United Kingdom
536415;22750;FELTCRAFT PRINCESS LOLA DOLL;2;01/12/2010 11:57;3,75;12838;United Kingdom
536415;22616;PACK OF 12 LONDON TISSUES ;12;01/12/2010 11:57;0,29;12838;United Kingdom
536415;22775;PURPLE DRAWERKNOB ACRYLIC EDWARDIAN;1;01/12/2010 11:57;1,25;12838;United Kingdom
536415;22899;CHILDREN'S APRON DOLLY GIRL ;2;01/12/2010 11:57;2,1;12838;United Kingdom
536415;22367;CHILDRENS APRON SPACEBOY DESIGN;3;01/12/2010 11:57;1,95;12838;United Kingdom
536415;22942;CHRISTMAS LIGHTS 10 SANTAS ;3;01/12/2010 11:57;8,5;12838;United Kingdom
536415;22941;CHRISTMAS LIGHTS 10 REINDEER;3;01/12/2010 11:57;8,5;12838;United Kingdom
536415;22086;PAPER CHAIN KIT 50'S CHRISTMAS ;6;01/12/2010 11:57;2,95;12838;United Kingdom
536415;22940;FELTCRAFT CHRISTMAS FAIRY;2;01/12/2010 11:57;4,25;12838;United Kingdom
536415;21212;PACK OF 72 RETROSPOT CAKE CASES;2;01/12/2010 11:57;0,55;12838;United Kingdom
536415;21976;PACK OF 60 MUSHROOM CAKE CASES;2;01/12/2010 11:57;0,55;12838;United Kingdom
536415;22951;60 CAKE CASES DOLLY GIRL DESIGN;2;01/12/2010 11:57;0,55;12838;United Kingdom
536415;21977;PACK OF 60 PINK PAISLEY CAKE CASES;3;01/12/2010 11:57;0,55;12838;United Kingdom
536415;22834;HAND WARMER BABUSHKA DESIGN;3;01/12/2010 11:57;2,1;12838;United Kingdom
536415;22867;HAND WARMER BIRD DESIGN;3;01/12/2010 11:57;2,1;12838;United Kingdom
536415;22865;HAND WARMER OWL DESIGN;3;01/12/2010 11:57;2,1;12838;United Kingdom
536415;22632;HAND WARMER RED RETROSPOT;3;01/12/2010 11:57;2,1;12838;United Kingdom
536415;21916;SET 12 RETRO WHITE CHALK STICKS;2;01/12/2010 11:57;0,42;12838;United Kingdom
536415;22587;FELTCRAFT HAIRBAND RED AND BLUE;4;01/12/2010 11:57;0,85;12838;United Kingdom
536415;22566;FELTCRAFT HAIRBAND PINK AND PURPLE;3;01/12/2010 11:57;0,85;12838;United Kingdom
536415;22565;FELTCRAFT HAIRBANDS PINK AND WHITE ;3;01/12/2010 11:57;0,85;12838;United Kingdom
536415;22472;TV DINNER TRAY DOLLY GIRL;2;01/12/2010 11:57;4,95;12838;United Kingdom
536415;22557;PLASTERS IN TIN VINTAGE PAISLEY ;3;01/12/2010 11:57;1,65;12838;United Kingdom
536415;22551;PLASTERS IN TIN SPACEBOY;3;01/12/2010 11:57;1,65;12838;United Kingdom
536415;22554;PLASTERS IN TIN WOODLAND ANIMALS;3;01/12/2010 11:57;1,65;12838;United Kingdom
536415;22534;MAGIC DRAWING SLATE SPACEBOY ;3;01/12/2010 11:57;0,42;12838;United Kingdom
536415;22531;MAGIC DRAWING SLATE CIRCUS PARADE  ;3;01/12/2010 11:57;0,42;12838;United Kingdom
536415;22529;MAGIC DRAWING SLATE GO TO THE FAIR ;3;01/12/2010 11:57;0,42;12838;United Kingdom
536415;22530;MAGIC DRAWING SLATE DOLLY GIRL ;3;01/12/2010 11:57;0,42;12838;United Kingdom
536415;84032B;CHARLIE + LOLA RED HOT WATER BOTTLE;3;01/12/2010 11:57;2,95;12838;United Kingdom
536415;22837;HOT WATER BOTTLE BABUSHKA ;3;01/12/2010 11:57;4,65;12838;United Kingdom
536415;85049H;URBAN BLACK RIBBONS ;2;01/12/2010 11:57;1,25;12838;United Kingdom
536415;22749;FELTCRAFT PRINCESS CHARLOTTE DOLL;2;01/12/2010 11:57;3,75;12838;United Kingdom
536415;22807;SET OF 6 T-LIGHTS TOADSTOOLS;12;01/12/2010 11:57;2,95;12838;United Kingdom
536416;21494;ROTATING LEAVES T-LIGHT HOLDER;12;01/12/2010 11:58;1,25;13255;United Kingdom
536416;21915;RED  HARMONICA IN BOX ;72;01/12/2010 11:58;1,25;13255;United Kingdom
536416;22938;CUPCAKE LACE PAPER SET 6;12;01/12/2010 11:58;1,95;13255;United Kingdom
536416;22768;FAMILY PHOTO FRAME CORNICE;4;01/12/2010 11:58;9,95;13255;United Kingdom
536416;22767;TRIPLE PHOTO FRAME CORNICE ;4;01/12/2010 11:58;9,95;13255;United Kingdom
536416;82494L;WOODEN FRAME ANTIQUE WHITE ;6;01/12/2010 11:58;2,95;13255;United Kingdom
536420;21889;WOODEN BOX OF DOMINOES;12;01/12/2010 12:03;1,25;16583;United Kingdom
536420;21892;TRADITIONAL WOODEN CATCH CUP GAME ;12;01/12/2010 12:03;1,25;16583;United Kingdom
536420;21891;TRADITIONAL WOODEN SKIPPING ROPE;12;01/12/2010 12:03;1,25;16583;United Kingdom
536420;21890;S/6 WOODEN SKITTLES IN COTTON BAG;6;01/12/2010 12:03;2,95;16583;United Kingdom
536420;21718;RED METAL BEACH SPADE ;12;01/12/2010 12:03;1,25;16583;United Kingdom
536420;21716;BOYS VINTAGE TIN SEASIDE BUCKET;8;01/12/2010 12:03;2,55;16583;United Kingdom
536420;21715;GIRLS VINTAGE TIN SEASIDE BUCKET;8;01/12/2010 12:03;2,55;16583;United Kingdom
536420;22113;GREY HEART HOT WATER BOTTLE;4;01/12/2010 12:03;3,75;16583;United Kingdom
536420;22111;SCOTTIE DOG HOT WATER BOTTLE;3;01/12/2010 12:03;4,95;16583;United Kingdom
536420;22110;BIRD HOUSE HOT WATER BOTTLE;6;01/12/2010 12:03;2,55;16583;United Kingdom
536420;22358;KINGS CHOICE TEA CADDY ;6;01/12/2010 12:03;2,95;16583;United Kingdom
536420;22357;KINGS CHOICE BISCUIT TIN;4;01/12/2010 12:03;4,25;16583;United Kingdom
536420;22115;METAL SIGN EMPIRE TEA;6;01/12/2010 12:03;2,95;16583;United Kingdom
536420;22969;HOMEMADE JAM SCENTED CANDLES;12;01/12/2010 12:03;1,45;16583;United Kingdom
536423;22619;SET OF 6 SOLDIER SKITTLES;4;01/12/2010 12:08;3,75;18085;United Kingdom
536423;21481;FAWN BLUE HOT WATER BOTTLE;6;01/12/2010 12:08;2,95;18085;United Kingdom
536423;22632;HAND WARMER RED RETROSPOT;12;01/12/2010 12:08;2,1;18085;United Kingdom
536423;22837;HOT WATER BOTTLE BABUSHKA ;8;01/12/2010 12:08;4,65;18085;United Kingdom
536423;21479;WHITE SKULL HOT WATER BOTTLE ;8;01/12/2010 12:08;3,75;18085;United Kingdom
536423;21485;RETROSPOT HEART HOT WATER BOTTLE;8;01/12/2010 12:08;4,95;18085;United Kingdom
536423;84029E;RED WOOLLY HOTTIE WHITE HEART.;8;01/12/2010 12:08;3,75;18085;United Kingdom
536423;22111;SCOTTIE DOG HOT WATER BOTTLE;16;01/12/2010 12:08;4,95;18085;United Kingdom
536423;22113;GREY HEART HOT WATER BOTTLE;8;01/12/2010 12:08;3,75;18085;United Kingdom
536425;22837;HOT WATER BOTTLE BABUSHKA ;8;01/12/2010 12:08;4,65;13758;United Kingdom
536425;22585;PACK OF 6 BIRDY GIFT TAGS;12;01/12/2010 12:08;1,25;13758;United Kingdom
536425;79321;CHILLI LIGHTS;8;01/12/2010 12:08;4,95;13758;United Kingdom
536425;22637;PIGGY BANK RETROSPOT ;12;01/12/2010 12:08;2,55;13758;United Kingdom
536425;21556;CERAMIC STRAWBERRY MONEY BOX;6;01/12/2010 12:08;2,55;13758;United Kingdom
536425;22646;CERAMIC STRAWBERRY CAKE MONEY BANK;12;01/12/2010 12:08;1,45;13758;United Kingdom
536425;22644;CERAMIC CHERRY CAKE MONEY BANK;12;01/12/2010 12:08;1,45;13758;United Kingdom
536425;22645;CERAMIC HEART FAIRY CAKE MONEY BANK;12;01/12/2010 12:08;1,45;13758;United Kingdom
536425;22650;CERAMIC PIRATE CHEST MONEY BANK;12;01/12/2010 12:08;1,45;13758;United Kingdom
536425;22508;DOORSTOP RETROSPOT HEART;8;01/12/2010 12:08;3,75;13758;United Kingdom
536425;21411;GINGHAM HEART  DOORSTOP RED;3;01/12/2010 12:08;4,25;13758;United Kingdom
536425;22511;RETROSPOT BABUSHKA DOORSTOP;4;01/12/2010 12:08;3,75;13758;United Kingdom
536425;22451;SILK PURSE BABUSHKA RED;6;01/12/2010 12:08;3,35;13758;United Kingdom
536425;22449;SILK PURSE BABUSHKA PINK;6;01/12/2010 12:08;3,35;13758;United Kingdom
536425;22768;FAMILY PHOTO FRAME CORNICE;2;01/12/2010 12:08;9,95;13758;United Kingdom
536425;22829;SWEETHEART WIRE WALL TIDY;2;01/12/2010 12:08;9,95;13758;United Kingdom
536425;22961;JAM MAKING SET PRINTED;12;01/12/2010 12:08;1,45;13758;United Kingdom
536437;21154;RED RETROSPOT OVEN GLOVE ;200;01/12/2010 12:12;1,06;13694;United Kingdom
536437;22189;CREAM HEART CARD HOLDER;72;01/12/2010 12:12;3,39;13694;United Kingdom
536437;17021;NAMASTE SWAGAT INCENSE;600;01/12/2010 12:12;0,24;13694;United Kingdom
536437;22059;CERAMIC STRAWBERRY DESIGN MUG;48;01/12/2010 12:12;1,25;13694;United Kingdom
536437;22188;BLACK HEART CARD HOLDER;36;01/12/2010 12:12;3,39;13694;United Kingdom
536437;84678;CLASSICAL ROSE SMALL VASE;48;01/12/2010 12:12;1,25;13694;United Kingdom
536446;85172;HYACINTH BULB T-LIGHT CANDLES;32;01/12/2010 12:15;0,42;15983;United Kingdom
536446;22142;CHRISTMAS CRAFT WHITE FAIRY ;2;01/12/2010 12:15;1,45;15983;United Kingdom
536446;22144;CHRISTMAS CRAFT LITTLE FRIENDS;2;01/12/2010 12:15;2,1;15983;United Kingdom
536446;21591;COSY HOUR CIGAR BOX MATCHES ;6;01/12/2010 12:15;1,25;15983;United Kingdom
536446;22480;RED TEA TOWEL CLASSIC DESIGN;12;01/12/2010 12:15;1,25;15983;United Kingdom
536446;22294;HEART FILIGREE DOVE  SMALL;48;01/12/2010 12:15;1,25;15983;United Kingdom
536446;21156;RETROSPOT CHILDRENS APRON;1;01/12/2010 12:15;1,95;15983;United Kingdom
536446;10133;COLOURING PENCILS BROWN TUBE;5;01/12/2010 12:15;0,85;15983;United Kingdom
536446;72800E;4 IVORY DINNER CANDLES SILVER FLOCK;6;01/12/2010 12:15;2,55;15983;United Kingdom
536446;22294;HEART FILIGREE DOVE  SMALL;24;01/12/2010 12:15;1,25;15983;United Kingdom
536446;84836;ZINC METAL HEART DECORATION;12;01/12/2010 12:15;1,25;15983;United Kingdom
536446;20774;GREEN FERN NOTEBOOK;2;01/12/2010 12:15;1,65;15983;United Kingdom
536446;20773;BLUE PAISLEY NOTEBOOK;2;01/12/2010 12:15;1,65;15983;United Kingdom
536446;20777;CHRYSANTHEMUM NOTEBOOK;2;01/12/2010 12:15;1,65;15983;United Kingdom
536446;16016;LARGE CHINESE STYLE SCISSOR;10;01/12/2010 12:15;0,85;15983;United Kingdom
536446;16014;SMALL CHINESE STYLE SCISSOR;10;01/12/2010 12:15;0,42;15983;United Kingdom
536446;21890;S/6 WOODEN SKITTLES IN COTTON BAG;2;01/12/2010 12:15;2,95;15983;United Kingdom
536446;21891;TRADITIONAL WOODEN SKIPPING ROPE;2;01/12/2010 12:15;1,25;15983;United Kingdom
536446;22619;SET OF 6 SOLDIER SKITTLES;8;01/12/2010 12:15;3,75;15983;United Kingdom
536446;22620;4 TRADITIONAL SPINNING TOPS;6;01/12/2010 12:15;1,25;15983;United Kingdom
536446;84347;ROTATING SILVER ANGELS T-LIGHT HLDR;12;01/12/2010 12:15;2,55;15983;United Kingdom
536446;85169B;BLACK LOVE BIRD CANDLE;24;01/12/2010 12:15;1,25;15983;United Kingdom
536446;21156;RETROSPOT CHILDRENS APRON;3;01/12/2010 12:15;1,95;15983;United Kingdom
536446;21651;HANGING GLASS ETCHED TEALIGHT;6;01/12/2010 12:15;1,65;15983;United Kingdom
536446;21651;HANGING GLASS ETCHED TEALIGHT;6;01/12/2010 12:15;1,65;15983;United Kingdom
536446;84625C;BLUE NEW BAROQUE CANDLESTICK CANDLE;10;01/12/2010 12:15;2,95;15983;United Kingdom
536446;22618;COOKING SET RETROSPOT;2;01/12/2010 12:15;9,95;15983;United Kingdom
536446;21586;KINGS CHOICE GIANT TUBE MATCHES;4;01/12/2010 12:15;2,55;15983;United Kingdom
536446;21587;COSY HOUR GIANT TUBE MATCHES;4;01/12/2010 12:15;2,55;15983;United Kingdom
536446;22152;PLACE SETTING WHITE STAR;24;01/12/2010 12:15;0,42;15983;United Kingdom
536446;85172;HYACINTH BULB T-LIGHT CANDLES;16;01/12/2010 12:15;0,42;15983;United Kingdom
536446;84754;S/15 SILVER GLASS BAUBLES IN BAG;24;01/12/2010 12:15;1,25;15983;United Kingdom
536460;22670;FRENCH WC SIGN BLUE METAL;12;01/12/2010 12:22;1,25;14849;United Kingdom
536460;21586;KINGS CHOICE GIANT TUBE MATCHES;12;01/12/2010 12:22;2,55;14849;United Kingdom
536460;84992;72 SWEETHEART FAIRY CAKE CASES;24;01/12/2010 12:22;0,55;14849;United Kingdom
536460;84879;ASSORTED COLOUR BIRD ORNAMENT;24;01/12/2010 12:22;1,69;14849;United Kingdom
536460;84849B;FAIRY SOAP SOAP HOLDER;12;01/12/2010 12:22;1,69;14849;United Kingdom
536460;22927;GREEN GIANT GARDEN THERMOMETER;2;01/12/2010 12:22;5,95;14849;United Kingdom
536460;22926;IVORY GIANT GARDEN THERMOMETER;4;01/12/2010 12:22;5,95;14849;United Kingdom
536460;22925;BLUE GIANT GARDEN THERMOMETER;2;01/12/2010 12:22;5,95;14849;United Kingdom
536460;21977;PACK OF 60 PINK PAISLEY CAKE CASES;24;01/12/2010 12:22;0,55;14849;United Kingdom
536460;21485;RETROSPOT HEART HOT WATER BOTTLE;6;01/12/2010 12:22;4,95;14849;United Kingdom
536460;21484;CHICK GREY HOT WATER BOTTLE;8;01/12/2010 12:22;3,45;14849;United Kingdom
536460;21259;VICTORIAN SEWING BOX SMALL ;2;01/12/2010 12:22;5,95;14849;United Kingdom
536460;21257;VICTORIAN SEWING BOX MEDIUM;2;01/12/2010 12:22;7,95;14849;United Kingdom
536460;21121;SET/10 RED POLKADOT PARTY CANDLES;24;01/12/2010 12:22;1,25;14849;United Kingdom
536463;82552;WASHROOM METAL SIGN;12;01/12/2010 12:22;1,45;14849;United Kingdom
536464;90200B;BLACK SWEETHEART BRACELET;2;01/12/2010 12:23;4,25;17968;United Kingdom
536464;90059B;DIAMANTE HAIR GRIP PACK/2 BLACK DIA;2;01/12/2010 12:23;1,65;17968;United Kingdom
536464;90185C;BLACK DIAMANTE EXPANDABLE RING;2;01/12/2010 12:23;4,25;17968;United Kingdom
536464;90059E;DIAMANTE HAIR GRIP PACK/2 RUBY;3;01/12/2010 12:23;1,65;17968;United Kingdom
536464;90059C;DIAMANTE HAIR GRIP PACK/2 MONTANA;1;01/12/2010 12:23;1,65;17968;United Kingdom
536464;90200C;BLUE SWEETHEART BRACELET;1;01/12/2010 12:23;4,25;17968;United Kingdom
536464;90200D;PINK SWEETHEART BRACELET;3;01/12/2010 12:23;4,25;17968;United Kingdom
536464;90200A;PURPLE SWEETHEART BRACELET;1;01/12/2010 12:23;4,25;17968;United Kingdom
536464;22386;JUMBO BAG PINK POLKADOT;1;01/12/2010 12:23;1,95;17968;United Kingdom
536464;85099B;JUMBO BAG RED RETROSPOT;1;01/12/2010 12:23;1,95;17968;United Kingdom
536464;84879;ASSORTED COLOUR BIRD ORNAMENT;8;01/12/2010 12:23;1,69;17968;United Kingdom
536464;22086;PAPER CHAIN KIT 50'S CHRISTMAS ;1;01/12/2010 12:23;2,95;17968;United Kingdom
536464;22737;RIBBON REEL CHRISTMAS PRESENT ;1;01/12/2010 12:23;1,65;17968;United Kingdom
536464;21260;FIRST AID TIN;1;01/12/2010 12:23;3,25;17968;United Kingdom
536464;22744;MAKE YOUR OWN MONSOON CARD KIT;2;01/12/2010 12:23;2,95;17968;United Kingdom
536464;21985;PACK OF 12 HEARTS DESIGN TISSUES ;1;01/12/2010 12:23;0,29;17968;United Kingdom
536464;21980;PACK OF 12 RED RETROSPOT TISSUES ;1;01/12/2010 12:23;0,29;17968;United Kingdom
536464;22988;SOLDIERS EGG CUP ;1;01/12/2010 12:23;1,25;17968;United Kingdom
536464;22297;HEART IVORY TRELLIS SMALL;1;01/12/2010 12:23;1,25;17968;United Kingdom
536464;22294;HEART FILIGREE DOVE  SMALL;1;01/12/2010 12:23;1,25;17968;United Kingdom
536464;22295;HEART FILIGREE DOVE LARGE;1;01/12/2010 12:23;1,65;17968;United Kingdom
536464;22813;PACK 3 BOXES BIRD PANNETONE ;2;01/12/2010 12:23;1,95;17968;United Kingdom
536464;22812;PACK 3 BOXES CHRISTMAS PANNETONE;6;01/12/2010 12:23;1,95;17968;United Kingdom
536464;22197;SMALL POPCORN HOLDER;5;01/12/2010 12:23;0,85;17968;United Kingdom
536464;21977;PACK OF 60 PINK PAISLEY CAKE CASES;1;01/12/2010 12:23;0,55;17968;United Kingdom
536464;22619;SET OF 6 SOLDIER SKITTLES;1;01/12/2010 12:23;3,75;17968;United Kingdom
536464;16258A;SWIRLY CIRCULAR RUBBERS IN BAG;1;01/12/2010 12:23;0,42;17968;United Kingdom
536464;21992;VINTAGE PAISLEY STATIONERY SET;1;01/12/2010 12:23;2,95;17968;United Kingdom
536464;22910;PAPER CHAIN KIT VINTAGE CHRISTMAS;1;01/12/2010 12:23;2,95;17968;United Kingdom
536464;21124;SET/10 BLUE POLKADOT PARTY CANDLES;1;01/12/2010 12:23;1,25;17968;United Kingdom
536464;22735;RIBBON REEL SOCKS AND MITTENS;2;01/12/2010 12:23;1,65;17968;United Kingdom
536464;22952;60 CAKE CASES VINTAGE CHRISTMAS;2;01/12/2010 12:23;0,55;17968;United Kingdom
536464;22945;CHRISTMAS METAL TAGS ASSORTED ;6;01/12/2010 12:23;0,85;17968;United Kingdom
536464;21816;CHRISTMAS TREE T-LIGHT HOLDER;2;01/12/2010 12:23;1,45;17968;United Kingdom
536464;21815;STAR  T-LIGHT HOLDER ;4;01/12/2010 12:23;1,45;17968;United Kingdom
536464;21814;HEART T-LIGHT HOLDER ;2;01/12/2010 12:23;1,45;17968;United Kingdom
536464;10125;MINI FUNKY DESIGN TAPES;2;01/12/2010 12:23;0,85;17968;United Kingdom
536464;22810;SET OF 6 T-LIGHTS SNOWMEN;1;01/12/2010 12:23;2,95;17968;United Kingdom
536464;22573;STAR WOODEN CHRISTMAS DECORATION;1;01/12/2010 12:23;0,85;17968;United Kingdom
536464;22577;WOODEN HEART CHRISTMAS SCANDINAVIAN;1;01/12/2010 12:23;0,85;17968;United Kingdom
536464;22603;CHRISTMAS RETROSPOT TREE WOOD;2;01/12/2010 12:23;0,85;17968;United Kingdom
536464;22809;SET OF 6 T-LIGHTS SANTA;1;01/12/2010 12:23;2,95;17968;United Kingdom
536464;20878;SET/9 CHRISTMAS T-LIGHTS SCENTED ;1;01/12/2010 12:23;1,25;17968;United Kingdom
536464;20866;BLUE ROSE FABRIC MIRROR;1;01/12/2010 12:23;1,25;17968;United Kingdom
536464;85095;THREE CANVAS LUGGAGE TAGS;1;01/12/2010 12:23;1,95;17968;United Kingdom
536464;22333;RETROSPOT PARTY BAG + STICKER SET;1;01/12/2010 12:23;1,65;17968;United Kingdom
536464;22557;PLASTERS IN TIN VINTAGE PAISLEY ;1;01/12/2010 12:23;1,65;17968;United Kingdom
536464;21584;RETROSPOT SMALL TUBE MATCHES;1;01/12/2010 12:23;1,65;17968;United Kingdom
536464;22866;HAND WARMER SCOTTY DOG DESIGN;1;01/12/2010 12:23;2,1;17968;United Kingdom
536464;22731;3D CHRISTMAS STAMPS STICKERS ;2;01/12/2010 12:23;1,25;17968;United Kingdom
536464;22866;HAND WARMER SCOTTY DOG DESIGN;1;01/12/2010 12:23;2,1;17968;United Kingdom
536464;22866;HAND WARMER SCOTTY DOG DESIGN;3;01/12/2010 12:23;2,1;17968;United Kingdom
536464;22558;CLOTHES PEGS RETROSPOT PACK 24 ;2;01/12/2010 12:23;1,49;17968;United Kingdom
536464;22956;36 FOIL HEART CAKE CASES;1;01/12/2010 12:23;2,1;17968;United Kingdom
536464;22945;CHRISTMAS METAL TAGS ASSORTED ;6;01/12/2010 12:23;0,85;17968;United Kingdom
536464;22582;PACK OF 6 SWEETIE GIFT BOXES;1;01/12/2010 12:23;2,55;17968;United Kingdom
536464;21212;PACK OF 72 RETROSPOT CAKE CASES;1;01/12/2010 12:23;0,55;17968;United Kingdom
536464;21212;PACK OF 72 RETROSPOT CAKE CASES;2;01/12/2010 12:23;0,55;17968;United Kingdom
536464;22585;PACK OF 6 BIRDY GIFT TAGS;3;01/12/2010 12:23;1,25;17968;United Kingdom
536464;21121;SET/10 RED POLKADOT PARTY CANDLES;1;01/12/2010 12:23;1,25;17968;United Kingdom
536464;21122;SET/10 PINK POLKADOT PARTY CANDLES;1;01/12/2010 12:23;1,25;17968;United Kingdom
536464;22759;SET OF 3 NOTEBOOKS IN PARCEL;1;01/12/2010 12:23;1,65;17968;United Kingdom
536464;21815;STAR  T-LIGHT HOLDER ;1;01/12/2010 12:23;1,45;17968;United Kingdom
536464;85231B;CINAMMON SET OF 9 T-LIGHTS;3;01/12/2010 12:23;0,85;17968;United Kingdom
536464;85231G;ORANGE SCENTED SET/9 T-LIGHTS;5;01/12/2010 12:23;0,85;17968;United Kingdom
536464;22082;RIBBON REEL STRIPES DESIGN ;5;01/12/2010 12:23;1,65;17968;United Kingdom
536464;22500;SET OF 2 TINS JARDIN DE PROVENCE;2;01/12/2010 12:23;4,95;17968;United Kingdom
536464;22742;MAKE YOUR OWN PLAYTIME CARD KIT;1;01/12/2010 12:23;2,95;17968;United Kingdom
536464;21329;DINOSAURS  WRITING SET ;1;01/12/2010 12:23;1,65;17968;United Kingdom
536464;21328;BALLOONS  WRITING SET ;1;01/12/2010 12:23;1,65;17968;United Kingdom
536464;21327;SKULLS WRITING SET ;1;01/12/2010 12:23;1,65;17968;United Kingdom
536464;21992;VINTAGE PAISLEY STATIONERY SET;1;01/12/2010 12:23;2,95;17968;United Kingdom
536464;21738;COSY SLIPPER SHOES SMALL  RED ;1;01/12/2010 12:23;2,95;17968;United Kingdom
536464;48173C;DOORMAT BLACK FLOCK ;1;01/12/2010 12:23;7,95;17968;United Kingdom
536464;85099C;JUMBO  BAG BAROQUE BLACK WHITE;1;01/12/2010 12:23;1,95;17968;United Kingdom
536464;22960;JAM MAKING SET WITH JARS;1;01/12/2010 12:23;4,25;17968;United Kingdom
536464;85231G;ORANGE SCENTED SET/9 T-LIGHTS;1;01/12/2010 12:23;0,85;17968;United Kingdom
536464;85231B;CINAMMON SET OF 9 T-LIGHTS;2;01/12/2010 12:23;0,85;17968;United Kingdom
536464;22866;HAND WARMER SCOTTY DOG DESIGN;1;01/12/2010 12:23;2,1;17968;United Kingdom
536464;72818;CHRISTMAS DECOUPAGE CANDLE;1;01/12/2010 12:23;0,85;17968;United Kingdom
536464;21814;HEART T-LIGHT HOLDER ;8;01/12/2010 12:23;1,45;17968;United Kingdom
536464;22441;GROW YOUR OWN BASIL IN ENAMEL MUG;1;01/12/2010 12:23;2,1;17968;United Kingdom
536464;22312;OFFICE MUG WARMER POLKADOT;1;01/12/2010 12:23;2,95;17968;United Kingdom
536464;22197;SMALL POPCORN HOLDER;6;01/12/2010 12:23;0,85;17968;United Kingdom
536464;22663;JUMBO BAG DOLLY GIRL DESIGN;1;01/12/2010 12:23;1,95;17968;United Kingdom
536466;22960;JAM MAKING SET WITH JARS;6;01/12/2010 12:23;4,25;14849;United Kingdom
536466;22961;JAM MAKING SET PRINTED;12;01/12/2010 12:23;1,45;14849;United Kingdom
536477;21314;SMALL GLASS HEART TRINKET POT;48;01/12/2010 12:27;1,85;16210;United Kingdom
536477;84029E;RED WOOLLY HOTTIE WHITE HEART.;24;01/12/2010 12:27;3,39;16210;United Kingdom
536477;21137;BLACK RECORD COVER FRAME;480;01/12/2010 12:27;3,39;16210;United Kingdom
536477;22041;"RECORD FRAME 7"" SINGLE SIZE ";48;01/12/2010 12:27;2,1;16210;United Kingdom
536477;20979;36 PENCILS TUBE RED RETROSPOT;16;01/12/2010 12:27;1,25;16210;United Kingdom
536477;20977;36 PENCILS TUBE WOODLAND;16;01/12/2010 12:27;1,25;16210;United Kingdom
536477;22619;SET OF 6 SOLDIER SKITTLES;4;01/12/2010 12:27;3,75;16210;United Kingdom
536477;22571;ROCKING HORSE RED CHRISTMAS ;96;01/12/2010 12:27;0,72;16210;United Kingdom
536477;22595;CHRISTMAS GINGHAM HEART;144;01/12/2010 12:27;0,72;16210;United Kingdom
536477;22593;CHRISTMAS GINGHAM STAR;144;01/12/2010 12:27;0,72;16210;United Kingdom
536477;22633;HAND WARMER UNION JACK;12;01/12/2010 12:27;2,1;16210;United Kingdom
536477;22632;HAND WARMER RED RETROSPOT;12;01/12/2010 12:27;2,1;16210;United Kingdom
536477;22423;REGENCY CAKESTAND 3 TIER;16;01/12/2010 12:27;10,95;16210;United Kingdom
536477;22411;JUMBO SHOPPER VINTAGE RED PAISLEY;10;01/12/2010 12:27;1,95;16210;United Kingdom
536488;22738;RIBBON REEL SNOWY VILLAGE;5;01/12/2010 12:31;1,65;17897;United Kingdom
536488;21621;VINTAGE UNION JACK BUNTING;1;01/12/2010 12:31;8,5;17897;United Kingdom
536488;22960;JAM MAKING SET WITH JARS;8;01/12/2010 12:31;4,25;17897;United Kingdom
536488;22082;RIBBON REEL STRIPES DESIGN ;5;01/12/2010 12:31;1,65;17897;United Kingdom
536488;47563A;RETRO LONGBOARD IRONING BOARD COVER;1;01/12/2010 12:31;3,75;17897;United Kingdom
536488;84558A;3D DOG PICTURE PLAYING CARDS;1;01/12/2010 12:31;2,95;17897;United Kingdom
536488;21592;RETROSPOT CIGAR BOX MATCHES ;1;01/12/2010 12:31;1,25;17897;United Kingdom
536488;20878;SET/9 CHRISTMAS T-LIGHTS SCENTED ;2;01/12/2010 12:31;1,25;17897;United Kingdom
536488;84347;ROTATING SILVER ANGELS T-LIGHT HLDR;1;01/12/2010 12:31;2,55;17897;United Kingdom
536488;84347;ROTATING SILVER ANGELS T-LIGHT HLDR;1;01/12/2010 12:31;2,55;17897;United Kingdom
536488;21577;SAVE THE PLANET COTTON TOTE BAG;1;01/12/2010 12:31;2,25;17897;United Kingdom
536488;22909;SET OF 20 VINTAGE CHRISTMAS NAPKINS;1;01/12/2010 12:31;0,85;17897;United Kingdom
536488;22087;PAPER BUNTING WHITE LACE;1;01/12/2010 12:31;2,95;17897;United Kingdom
536488;22651;GENTLEMAN SHIRT REPAIR KIT ;2;01/12/2010 12:31;0,85;17897;United Kingdom
536488;22713;CARD I LOVE LONDON ;12;01/12/2010 12:31;0,42;17897;United Kingdom
536488;22910;PAPER CHAIN KIT VINTAGE CHRISTMAS;1;01/12/2010 12:31;2,95;17897;United Kingdom
536488;21370;MIRRORED WALL ART FOXY;2;01/12/2010 12:31;6,35;17897;United Kingdom
536488;21367;MIRRORED WALL ART GENTS;1;01/12/2010 12:31;2,55;17897;United Kingdom
536488;22376;AIRLINE BAG VINTAGE JET SET WHITE;1;01/12/2010 12:31;4,25;17897;United Kingdom
536488;22961;JAM MAKING SET PRINTED;1;01/12/2010 12:31;1,45;17897;United Kingdom
536488;21895;POTTING SHED SOW 'N' GROW SET;1;01/12/2010 12:31;4,25;17897;United Kingdom
536488;22468;BABUSHKA LIGHTS STRING OF 10;1;01/12/2010 12:31;6,75;17897;United Kingdom
536488;21034;REX CASH+CARRY JUMBO SHOPPER;1;01/12/2010 12:31;0,95;17897;United Kingdom
536488;22372;AIRLINE BAG VINTAGE WORLD CHAMPION ;1;01/12/2010 12:31;4,25;17897;United Kingdom
536488;22867;HAND WARMER BIRD DESIGN;1;01/12/2010 12:31;2,1;17897;United Kingdom
536488;22144;CHRISTMAS CRAFT LITTLE FRIENDS;1;01/12/2010 12:31;2,1;17897;United Kingdom
536488;21190;PINK HEARTS PAPER GARLAND;1;01/12/2010 12:31;1,65;17897;United Kingdom
536488;21894;POTTING SHED SEED ENVELOPES;3;01/12/2010 12:31;1,25;17897;United Kingdom
536488;70007;HI TEC ALPINE HAND WARMER;3;01/12/2010 12:31;1,65;17897;United Kingdom
536488;22940;FELTCRAFT CHRISTMAS FAIRY;1;01/12/2010 12:31;4,25;17897;United Kingdom
536488;70007;HI TEC ALPINE HAND WARMER;1;01/12/2010 12:31;1,65;17897;United Kingdom
536488;84347;ROTATING SILVER ANGELS T-LIGHT HLDR;3;01/12/2010 12:31;2,55;17897;United Kingdom
536488;22150;3 STRIPEY MICE FELTCRAFT;1;01/12/2010 12:31;1,95;17897;United Kingdom
536488;22149;FELTCRAFT 6 FLOWER FRIENDS;2;01/12/2010 12:31;2,1;17897;United Kingdom
536488;22144;CHRISTMAS CRAFT LITTLE FRIENDS;2;01/12/2010 12:31;2,1;17897;United Kingdom
536500;21622;VINTAGE UNION JACK CUSHION COVER;10;01/12/2010 12:35;4,95;17377;United Kingdom
536500;46000M;POLYESTER FILLER PAD 45x45cm;10;01/12/2010 12:35;1,55;17377;United Kingdom
536500;22630;DOLLY GIRL LUNCH BOX;2;01/12/2010 12:35;1,95;17377;United Kingdom
536500;22616;PACK OF 12 LONDON TISSUES ;12;01/12/2010 12:35;0,29;17377;United Kingdom
536500;22712;CARD DOLLY GIRL ;12;01/12/2010 12:35;0,42;17377;United Kingdom
536500;22983;CARD BILLBOARD FONT;12;01/12/2010 12:35;0,42;17377;United Kingdom
536500;22024;RAINY LADIES BIRTHDAY CARD;12;01/12/2010 12:35;0,42;17377;United Kingdom
536500;22113;GREY HEART HOT WATER BOTTLE;3;01/12/2010 12:35;3,75;17377;United Kingdom
536500;84029E;RED WOOLLY HOTTIE WHITE HEART.;2;01/12/2010 12:35;3,75;17377;United Kingdom
536500;21488;RED WHITE SCARF  HOT WATER BOTTLE;2;01/12/2010 12:35;3,95;17377;United Kingdom
536500;22900; SET 2 TEA TOWELS I LOVE LONDON ;7;01/12/2010 12:35;2,95;17377;United Kingdom
536500;22895;SET OF 2 TEA TOWELS APPLE AND PEARS;3;01/12/2010 12:35;2,95;17377;United Kingdom
536500;21035;SET/2 RED RETROSPOT TEA TOWELS ;3;01/12/2010 12:35;2,95;17377;United Kingdom
536500;21755;LOVE BUILDING BLOCK WORD;6;01/12/2010 12:35;5,95;17377;United Kingdom
536500;21754;HOME BUILDING BLOCK WORD;6;01/12/2010 12:35;5,95;17377;United Kingdom
536502;84879;ASSORTED COLOUR BIRD ORNAMENT;16;01/12/2010 12:36;1,69;16552;United Kingdom
536502;22784;LANTERN CREAM GAZEBO ;3;01/12/2010 12:36;4,95;16552;United Kingdom
536502;21441;BLUE BIRDHOUSE DECORATION;12;01/12/2010 12:36;0,85;16552;United Kingdom
536502;85123A;WHITE HANGING HEART T-LIGHT HOLDER;6;01/12/2010 12:36;2,95;16552;United Kingdom
536502;22423;REGENCY CAKESTAND 3 TIER;2;01/12/2010 12:36;12,75;16552;United Kingdom
536508;84947;ANTIQUE SILVER TEA GLASS ENGRAVED;72;01/12/2010 12:38;1,06;17181;United Kingdom
536508;21326;AGED GLASS SILVER T-LIGHT HOLDER;144;01/12/2010 12:38;0,55;17181;United Kingdom
C536506;22960;JAM MAKING SET WITH JARS;-6;01/12/2010 12:38;4,25;17897;United Kingdom
536514;22865;HAND WARMER OWL DESIGN;36;01/12/2010 12:40;2,1;17951;United Kingdom
536514;22485;SET OF 2 WOODEN MARKET CRATES;4;01/12/2010 12:40;12,75;17951;United Kingdom
536514;22807;SET OF 6 T-LIGHTS TOADSTOOLS;6;01/12/2010 12:40;2,95;17951;United Kingdom
536514;22633;HAND WARMER UNION JACK;36;01/12/2010 12:40;2,1;17951;United Kingdom
536514;22866;HAND WARMER SCOTTY DOG DESIGN;36;01/12/2010 12:40;2,1;17951;United Kingdom
536520;21794;CLASSIC FRENCH STYLE BASKET NATURAL;1;01/12/2010 12:43;6,75;14729;United Kingdom
536520;20707;CRAZY DAISY HEART DECORATION;1;01/12/2010 12:43;1,25;14729;United Kingdom
536520;21175;GIN + TONIC DIET METAL SIGN;1;01/12/2010 12:43;2,1;14729;United Kingdom
536520;22926;IVORY GIANT GARDEN THERMOMETER;1;01/12/2010 12:43;5,95;14729;United Kingdom
536520;22588;CARD HOLDER GINGHAM HEART;2;01/12/2010 12:43;2,55;14729;United Kingdom
536520;21292;SMALL STRIPES CHOCOLATE GIFT BAG ;16;01/12/2010 12:43;0,85;14729;United Kingdom
536520;21890;S/6 WOODEN SKITTLES IN COTTON BAG;1;01/12/2010 12:43;2,95;14729;United Kingdom
536520;22632;HAND WARMER RED RETROSPOT;4;01/12/2010 12:43;2,1;14729;United Kingdom
536520;22633;HAND WARMER UNION JACK;3;01/12/2010 12:43;2,1;14729;United Kingdom
536520;22670;FRENCH WC SIGN BLUE METAL;1;01/12/2010 12:43;1,25;14729;United Kingdom
536520;21867;PINK UNION JACK  LUGGAGE TAG;1;01/12/2010 12:43;1,25;14729;United Kingdom
536520;22760;TRAY, BREAKFAST IN BED;1;01/12/2010 12:43;12,75;14729;United Kingdom
536520;22107;PIZZA PLATE IN BOX;2;01/12/2010 12:43;3,75;14729;United Kingdom
536520;22470;HEART OF WICKER LARGE;1;01/12/2010 12:43;2,95;14729;United Kingdom
536520;21486;PINK HEART DOTS HOT WATER BOTTLE;1;01/12/2010 12:43;3,75;14729;United Kingdom
536520;22151;PLACE SETTING WHITE HEART;14;01/12/2010 12:43;0,42;14729;United Kingdom
536520;22643;SET OF 4 NAPKIN CHARMS LEAVES   ;4;01/12/2010 12:43;2,55;14729;United Kingdom
536520;22642;SET OF 4 NAPKIN CHARMS STARS   ;4;01/12/2010 12:43;2,55;14729;United Kingdom
536520;22604;SET OF 4 NAPKIN CHARMS CUTLERY;3;01/12/2010 12:43;2,55;14729;United Kingdom
536520;22099;CARAVAN SQUARE TISSUE BOX;2;01/12/2010 12:43;1,25;14729;United Kingdom
536520;22553;PLASTERS IN TIN SKULLS;1;01/12/2010 12:43;1,65;14729;United Kingdom
536520;22551;PLASTERS IN TIN SPACEBOY;1;01/12/2010 12:43;1,65;14729;United Kingdom
536520;22653;BUTTON BOX ;1;01/12/2010 12:43;1,95;14729;United Kingdom
536520;22557;PLASTERS IN TIN VINTAGE PAISLEY ;2;01/12/2010 12:43;1,65;14729;United Kingdom
536520;22906;12 MESSAGE CARDS WITH ENVELOPES;6;01/12/2010 12:43;1,65;14729;United Kingdom
536520;22754;SMALL RED BABUSHKA NOTEBOOK ;1;01/12/2010 12:43;0,85;14729;United Kingdom
536520;22938;CUPCAKE LACE PAPER SET 6;5;01/12/2010 12:43;1,95;14729;United Kingdom
536520;22812;PACK 3 BOXES CHRISTMAS PANNETONE;3;01/12/2010 12:43;1,95;14729;United Kingdom
536520;22919;HERB MARKER MINT;2;01/12/2010 12:43;0,65;14729;United Kingdom
536520;22917;HERB MARKER ROSEMARY;1;01/12/2010 12:43;0,65;14729;United Kingdom
536520;22920;HERB MARKER BASIL;3;01/12/2010 12:43;0,65;14729;United Kingdom
536520;22921;HERB MARKER CHIVES ;2;01/12/2010 12:43;0,65;14729;United Kingdom
536520;22918;HERB MARKER PARSLEY;2;01/12/2010 12:43;0,65;14729;United Kingdom
536520;22916;HERB MARKER THYME;1;01/12/2010 12:43;0,65;14729;United Kingdom
536520;85123A;WHITE HANGING HEART T-LIGHT HOLDER;3;01/12/2010 12:43;2,95;14729;United Kingdom
536520;22575;METAL MERRY CHRISTMAS WREATH;1;01/12/2010 12:43;1,95;14729;United Kingdom
536520;21804;WHITE CHRISTMAS GARLAND STARS TREES;3;01/12/2010 12:43;3,75;14729;United Kingdom
536520;21584;RETROSPOT SMALL TUBE MATCHES;12;01/12/2010 12:43;1,65;14729;United Kingdom
536520;21588;RETROSPOT GIANT TUBE MATCHES;3;01/12/2010 12:43;2,55;14729;United Kingdom
536520;22152;PLACE SETTING WHITE STAR;12;01/12/2010 12:43;0,42;14729;United Kingdom
536520;22441;GROW YOUR OWN BASIL IN ENAMEL MUG;1;01/12/2010 12:43;2,1;14729;United Kingdom
536520;22955;36 FOIL STAR CAKE CASES ;2;01/12/2010 12:43;2,1;14729;United Kingdom
536520;22956;36 FOIL HEART CAKE CASES;2;01/12/2010 12:43;2,1;14729;United Kingdom
536520;22582;PACK OF 6 SWEETIE GIFT BOXES;2;01/12/2010 12:43;2,55;14729;United Kingdom
536520;22583;PACK OF 6 HANDBAG GIFT BOXES;3;01/12/2010 12:43;2,55;14729;United Kingdom
536520;22241;GARLAND WOODEN HAPPY EASTER;2;01/12/2010 12:43;1,25;14729;United Kingdom
536520;22904;CALENDAR PAPER CUT DESIGN;3;01/12/2010 12:43;2,95;14729;United Kingdom
536520;22905;CALENDAR IN SEASON DESIGN;2;01/12/2010 12:43;2,95;14729;United Kingdom
536520;22197;SMALL POPCORN HOLDER;3;01/12/2010 12:43;0,85;14729;United Kingdom
536520;22092;BLUE PAISLEY TISSUE BOX;1;01/12/2010 12:43;1,25;14729;United Kingdom
536520;22469;HEART OF WICKER SMALL;1;01/12/2010 12:43;1,65;14729;United Kingdom
536520;22100;SKULLS SQUARE TISSUE BOX;1;01/12/2010 12:43;1,25;14729;United Kingdom
536520;22096;PINK PAISLEY SQUARE TISSUE BOX ;1;01/12/2010 12:43;1,25;14729;United Kingdom
536520;22583;PACK OF 6 HANDBAG GIFT BOXES;1;01/12/2010 12:43;2,55;14729;United Kingdom
